provinsi,tahun,crime_total,is_outlier,population,population_density,pop_extrapolated,crime_rate_per100k,unemployment_rate,pulau,region,pulau_enc,region_enc,crime_rate_per100k_scaled,population_scaled,population_density_scaled,unemployment_rate_scaled,crime_rate_lag1,crime_rate_lag2,crime_rate_ma3,crime_rate_yoy_abs,crime_rate_yoy_change,trend_direction,trend_direction_enc,unemp_x_density,crime_per_density,danger_level,danger_level_enc
Aceh,2015,8048.0,False,4976861.0,85.9,True,161.7,4.24,Sumatera,Sumatera Bagian Utara,5,17,0.0207489056,-0.2768058494,-0.2492753676,0.0385332008,,,,,,,,364.22,1.8824,Sedang,1
Aceh,2016,9646.0,False,5035090.0,86.9,True,191.6,4.24,Sumatera,Sumatera Bagian Utara,5,17,0.3655032834,-0.2715223754,-0.2488992881,0.0385332008,161.7,,176.6,29.9,18.49,Naik,1.0,368.46,2.2048,Sedang,1
Aceh,2017,8885.0,False,5094000.0,87.9,True,174.4,4.24,Sumatera,Sumatera Bagian Utara,5,17,0.1671830393,-0.26617711,-0.2485232086,0.0385332008,191.6,161.7,175.9,-17.2,-8.98,Turun,-1.0,372.7,1.9841,Sedang,1
Aceh,2018,8758.0,False,5153600.0,88.9,True,169.9,4.24,Sumatera,Sumatera Bagian Utara,5,17,0.115296929,-0.2607692367,-0.248147129,0.0385332008,174.4,191.6,178.6,-4.5,-2.58,Stabil,0.0,376.94,1.9111,Sedang,1
Aceh,2019,7483.0,False,5213897.0,89.9,True,143.5,4.24,Sumatera,Sumatera Bagian Utara,5,17,-0.1891015853,-0.2552981203,-0.2477710495,0.0385332008,169.9,174.4,162.6,-26.4,-15.54,Turun,-1.0,381.18,1.5962,Sedang,1
Aceh,2020,7745.0,False,5274900.0,91.0,False,146.8,4.24,Sumatera,Sumatera Bagian Utara,5,17,-0.151051771,-0.2497629441,-0.247357362,0.0385332008,143.5,169.9,153.4,3.3,2.3,Stabil,0.0,385.84,1.6132,Sedang,1
Aceh,2021,6651.0,False,5333700.0,92.0,False,124.7,4.24,Sumatera,Sumatera Bagian Utara,5,17,-0.4058702242,-0.2444276597,-0.2469812825,0.0385332008,146.8,143.5,138.3,-22.1,-15.05,Turun,-1.0,390.08,1.3554,Sedang,1
Aceh,2022,10137.0,False,5407900.0,95.0,False,187.4,4.24,Sumatera,Sumatera Bagian Utara,5,17,0.3170762471,-0.2376950389,-0.2458530439,0.0385332008,124.7,146.8,153.0,62.7,50.28,Naik,1.0,402.8,1.9726,Sedang,1
Aceh,2023,12420.0,False,5482500.0,96.0,False,226.5,4.24,Sumatera,Sumatera Bagian Utara,5,17,0.767908895,-0.2309261237,-0.2454769643,0.0385332008,187.4,124.7,179.5,39.1,20.86,Naik,1.0,407.04,2.3594,Tinggi,2
Aceh,2024,11934.0,False,5554800.0,98.0,False,214.8,5.654999999999999,Sumatera,Sumatera Bagian Utara,5,17,0.6330050081,-0.2243659015,-0.2447248053,1.7781508567,226.5,187.4,209.6,-11.7,-5.17,Turun,-1.0,554.19,2.1918,Tinggi,2
Bali,2015,5032.0,False,4073461.0,704.8,True,123.5,3.015,Bali & Nusa Tenggara,Bali,0,0,-0.4197065203,-0.3587768688,-0.0165197451,-1.4674962186,,,,,,,,2124.97,0.1752,Sedang,1
Bali,2016,4764.0,False,4121120.0,713.0,True,115.6,3.015,Bali & Nusa Tenggara,Bali,0,0,-0.5107954696,-0.3544524756,-0.0134358929,-1.4674962186,123.5,,119.6,-7.9,-6.4,Turun,-1.0,2149.7,0.1621,Sedang,1
Bali,2017,3589.0,False,4169337.0,721.4,True,86.1,3.015,Bali & Nusa Tenggara,Bali,0,0,-0.8509377487,-0.3500774517,-0.0102768248,-1.4674962186,115.6,123.5,108.4,-29.5,-25.52,Turun,-1.0,2175.02,0.1194,Rendah,0
Bali,2018,3212.0,False,4218119.0,729.8,True,76.1,3.015,Bali & Nusa Tenggara,Bali,0,0,-0.9662402162,-0.3456511618,-0.0071177568,-1.4674962186,86.1,115.6,92.6,-10.0,-11.61,Turun,-1.0,2200.35,0.1043,Rendah,0
Bali,2019,3047.0,False,4267471.0,738.4,True,71.4,3.015,Bali & Nusa Tenggara,Bali,0,0,-1.020432376,-0.3411731523,-0.0038834728,-1.4674962186,76.1,86.1,77.9,-4.7,-6.18,Stabil,0.0,2226.28,0.0967,Rendah,0
Bali,2020,2597.0,False,4317400.0,747.0,False,60.2,3.015,Bali & Nusa Tenggara,Bali,0,0,-1.1495711396,-0.3366427881,-0.0006491888,-1.4674962186,71.4,76.1,69.2,-11.2,-15.69,Turun,-1.0,2252.2,0.0806,Rendah,0
Bali,2021,2404.0,False,4362700.0,755.0,False,55.1,3.015,Bali & Nusa Tenggara,Bali,0,0,-1.208375398,-0.3325324415,0.0023594474,-1.4674962186,60.2,71.4,62.2,-5.1,-8.47,Turun,-1.0,2276.33,0.073,Rendah,0
Bali,2022,6304.0,False,4415100.0,790.0,False,142.8,3.015,Bali & Nusa Tenggara,Bali,0,0,-0.197172758,-0.3277778683,0.0155222311,-1.4674962186,55.1,60.2,86.0,87.7,159.17,Naik,1.0,2381.85,0.1808,Sedang,1
Bali,2023,11916.0,False,4404300.0,788.0,False,270.6,3.015,Bali & Nusa Tenggara,Bali,0,0,1.2763927767,-0.3287578185,0.014770072,-1.4674962186,142.8,55.1,156.2,127.8,89.5,Naik,1.0,2375.82,0.3434,Tinggi,2
Bali,2024,13848.0,False,4433300.0,793.0,False,312.4,1.83,Bali & Nusa Tenggara,Bali,0,0,1.7583570909,-0.3261264707,0.0166504697,-2.9243491671,270.6,142.8,241.9,41.8,15.45,Naik,1.0,1451.19,0.3939,Tinggi,2
Banten,2015,5002.0,False,11231973.0,1162.4,True,44.5,5.3525,Jawa,Jawa Bagian Barat,1,1,-1.3305960136,0.2907588029,0.1555742489,1.406253796,,,,,,,,6221.75,0.0383,Rendah,0
Banten,2016,4570.0,False,11363387.0,1176.0,True,40.2,5.3525,Jawa,Jawa Bagian Barat,1,1,-1.3801760746,0.3026828006,0.1606889305,1.406253796,44.5,,42.4,-4.3,-9.66,Stabil,0.0,6294.54,0.0342,Rendah,0
Banten,2017,3692.0,False,11496339.0,1189.7,True,32.1,5.3525,Jawa,Jawa Bagian Barat,1,1,-1.4735710733,0.3147463505,0.1658412201,1.406253796,40.2,44.5,38.9,-8.1,-20.15,Turun,-1.0,6367.87,0.027,Rendah,0
Banten,2018,3490.0,False,11630846.0,1203.7,True,30.0,5.3525,Jawa,Jawa Bagian Barat,1,1,-1.4977845914,0.3269509951,0.1711063336,1.406253796,32.1,40.2,34.1,-2.1,-6.54,Stabil,0.0,6442.8,0.0249,Rendah,0
Banten,2019,3287.0,False,11766927.0,1217.8,True,27.9,5.3525,Jawa,Jawa Bagian Barat,1,1,-1.5219981096,0.3392984583,0.176409055,1.406253796,30.0,32.1,30.0,-2.1,-7.0,Stabil,0.0,6518.27,0.0229,Rendah,0
Banten,2020,4250.0,False,11904600.0,1232.0,False,35.7,5.3525,Jawa,Jawa Bagian Barat,1,1,-1.432062185,0.3517903735,0.1817493843,1.406253796,27.9,30.0,31.2,7.8,27.96,Naik,1.0,6594.28,0.029,Rendah,0
Banten,2021,3434.0,False,12061500.0,1248.0,False,28.5,5.3525,Jawa,Jawa Bagian Barat,1,1,-1.5150799616,0.3660268722,0.1877666569,1.406253796,35.7,27.9,30.7,-7.2,-20.17,Turun,-1.0,6679.92,0.0228,Rendah,0
Banten,2022,5038.0,False,12252000.0,1310.0,False,41.1,5.3525,Jawa,Jawa Bagian Barat,1,1,-1.3697988525,0.3833121048,0.2110835879,1.406253796,28.5,35.7,35.1,12.6,44.21,Naik,1.0,7011.78,0.0314,Rendah,0
Banten,2023,7392.0,False,12307700.0,1316.0,False,60.1,5.3525,Jawa,Jawa Bagian Barat,1,1,-1.1507241643,0.3883661073,0.2133400651,1.406253796,41.1,28.5,43.2,19.0,46.23,Naik,1.0,7043.89,0.0457,Rendah,0
Banten,2024,6868.0,False,12431400.0,1329.0,False,55.2,6.85,Jawa,Jawa Bagian Barat,1,1,-1.2072223733,0.3995901665,0.218229099,3.2472979229,60.1,41.1,52.1,-4.9,-8.15,Stabil,0.0,9103.65,0.0415,Rendah,0
Bengkulu,2015,4463.0,False,1897093.0,95.3,True,235.3,4.24,Sumatera,Sumatera Bagian Selatan,5,15,0.8693750664,-0.5562520775,-0.24574022,0.0385332008,,,,,,,,404.07,2.469,Tinggi,2
Bengkulu,2016,3345.0,True,1919289.0,96.4,True,174.3,4.24,Sumatera,Sumatera Bagian Selatan,5,15,0.1660300147,-0.5542380983,-0.2453265325,0.0385332008,235.3,,204.8,-61.0,-25.92,Turun,-1.0,408.74,1.8081,Sedang,1
Bengkulu,2017,4867.0,False,1941744.0,97.5,True,250.7,4.24,Sumatera,Sumatera Bagian Selatan,5,15,1.0469408664,-0.5522006185,-0.244912845,0.0385332008,174.3,235.3,220.1,76.4,43.83,Naik,1.0,413.4,2.5713,Tinggi,2
Bengkulu,2018,3389.0,False,1964463.0,98.7,True,172.5,4.24,Sumatera,Sumatera Bagian Selatan,5,15,0.1452755705,-0.5501391844,-0.2444615496,0.0385332008,250.7,174.3,199.2,-78.2,-31.19,Turun,-1.0,418.49,1.7477,Sedang,1
Bengkulu,2019,3453.0,False,1987447.0,99.8,True,173.7,4.24,Sumatera,Sumatera Bagian Selatan,5,15,0.1591118666,-0.5480537052,-0.2440478621,0.0385332008,172.5,250.7,199.0,1.2,0.7,Stabil,0.0,423.15,1.7405,Sedang,1
Bengkulu,2020,3333.0,False,2010700.0,101.0,False,165.8,4.24,Sumatera,Sumatera Bagian Selatan,5,15,0.0680229173,-0.545943818,-0.2435965667,0.0385332008,173.7,172.5,170.7,-7.9,-4.55,Turun,-1.0,428.24,1.6416,Sedang,1
Bengkulu,2021,3493.0,False,2032900.0,102.0,False,171.8,4.24,Sumatera,Sumatera Bagian Selatan,5,15,0.1372043978,-0.5439294759,-0.2432204871,0.0385332008,165.8,173.7,170.4,6.0,3.62,Naik,1.0,432.48,1.6843,Sedang,1
Bengkulu,2022,3613.0,False,2060100.0,102.0,False,175.4,4.24,Sumatera,Sumatera Bagian Selatan,5,15,0.1787132861,-0.5414614532,-0.2432204871,0.0385332008,171.8,165.8,171.0,3.6,2.1,Stabil,0.0,432.48,1.7196,Sedang,1
Bengkulu,2023,5579.0,False,2086000.0,104.0,False,267.4,4.24,Sumatera,Sumatera Bagian Selatan,5,15,1.2394959871,-0.5391113874,-0.2424683281,0.0385332008,175.4,171.8,204.9,92.0,52.45,Naik,1.0,440.96,2.5712,Tinggi,2
Bengkulu,2024,5323.0,False,2112200.0,105.0,False,252.0,3.14,Sumatera,Sumatera Bagian Selatan,5,15,1.0619301872,-0.5367341008,-0.2420922485,-1.3138197472,267.4,175.4,231.6,-15.4,-5.76,Turun,-1.0,329.7,2.4,Tinggi,2
DI Yogyakarta,2015,9692.0,False,3461413.0,1104.8,True,280.0,5.3525,Jawa,Jawa Bagian Tengah,1,2,1.3847770962,-0.4143117354,0.1339120678,1.406253796,,,,,,,,5913.44,0.2534,Tinggi,2
DI Yogyakarta,2016,8348.0,False,3501912.0,1117.8,True,238.4,5.3525,Jawa,Jawa Bagian Tengah,1,2,0.9051188314,-0.4106370129,0.1388011018,1.406253796,280.0,,259.2,-41.6,-14.86,Turun,-1.0,5983.02,0.2133,Tinggi,2
DI Yogyakarta,2017,7251.0,False,3542884.0,1130.8,True,204.7,5.3525,Jawa,Jawa Bagian Tengah,1,2,0.5165495159,-0.4069193722,0.1436901357,1.406253796,238.4,280.0,241.0,-33.7,-14.14,Turun,-1.0,6052.61,0.181,Tinggi,2
DI Yogyakarta,2018,6731.0,False,3584336.0,1144.1,True,187.8,5.3525,Jawa,Jawa Bagian Tengah,1,2,0.3216883458,-0.4031581781,0.1486919935,1.406253796,204.7,238.4,210.3,-16.9,-8.26,Turun,-1.0,6123.8,0.1641,Sedang,1
DI Yogyakarta,2019,6650.0,False,3626273.0,1157.5,True,183.4,5.3525,Jawa,Jawa Bagian Tengah,1,2,0.2709552601,-0.3993529771,0.1537314592,1.406253796,187.8,204.7,192.0,-4.4,-2.34,Stabil,0.0,6195.52,0.1584,Sedang,1
DI Yogyakarta,2020,7721.0,False,3668700.0,1171.0,False,210.5,5.3525,Jawa,Jawa Bagian Tengah,1,2,0.583424947,-0.3955033153,0.1588085329,1.406253796,183.4,187.8,193.9,27.1,14.78,Naik,1.0,6267.78,0.1798,Tinggi,2
DI Yogyakarta,2021,4774.0,False,3712900.0,1185.0,False,128.6,5.3525,Jawa,Jawa Bagian Tengah,1,2,-0.3609022618,-0.3914927784,0.1640736463,1.406253796,210.5,183.4,174.2,-81.9,-38.91,Turun,-1.0,6342.71,0.1085,Sedang,1
DI Yogyakarta,2022,10591.0,False,3761900.0,1186.0,False,281.5,5.3525,Jawa,Jawa Bagian Tengah,1,2,1.4020724663,-0.387046708,0.1644497259,1.406253796,128.6,210.5,206.9,152.9,118.9,Naik,1.0,6348.06,0.2374,Tinggi,2
DI Yogyakarta,2023,12061.0,False,3736500.0,1178.0,False,322.8,5.3525,Jawa,Jawa Bagian Tengah,1,2,1.8782716571,-0.3893514057,0.1614410896,1.406253796,281.5,128.6,244.3,41.3,14.67,Naik,1.0,6305.24,0.274,Tinggi,2
DI Yogyakarta,2024,11659.0,False,3759500.0,1186.0,False,310.1,3.3600000000000003,Jawa,Jawa Bagian Tengah,1,2,1.7318375234,-0.3872644748,0.1644497259,-1.0433491576,322.8,281.5,304.8,-12.7,-3.93,Turun,-1.0,3984.96,0.2615,Tinggi,2
DKI Jakarta,2015,44461.0,False,9965326.0,15008.2,True,446.2,5.3525,Jawa,Jawa Bagian Barat,1,1,3.3011041061,0.1758281567,5.3626962371,1.406253796,,,,,,,,80331.39,0.0297,Berbahaya,3
DKI Jakarta,2016,43842.0,False,10081921.0,15183.8,True,434.9,5.3525,Jawa,Jawa Bagian Barat,1,1,3.1708123179,0.1864075357,5.428735803,1.406253796,446.2,,440.6,-11.3,-2.53,Turun,-1.0,81271.29,0.0286,Berbahaya,3
DKI Jakarta,2017,34767.0,False,10199879.0,15361.5,True,340.9,5.3525,Jawa,Jawa Bagian Barat,1,1,2.0869691233,0.1971105881,5.4955651359,1.406253796,434.9,446.2,407.3,-94.0,-21.61,Turun,-1.0,82222.43,0.0222,Tinggi,2
DKI Jakarta,2018,34655.0,False,10319218.0,15541.2,True,335.8,5.3525,Jawa,Jawa Bagian Barat,1,1,2.0281648649,0.207938947,5.5631466278,1.406253796,340.9,434.9,370.5,-5.1,-1.5,Turun,-1.0,83184.27,0.0216,Tinggi,2
DKI Jakarta,2019,31934.0,False,10439953.0,15723.0,True,305.9,5.3525,Jawa,Jawa Bagian Barat,1,1,1.683410487,0.2188939736,5.6315178868,1.406253796,335.8,340.9,327.5,-29.9,-8.9,Turun,-1.0,84157.36,0.0195,Tinggi,2
DKI Jakarta,2020,26585.0,False,10562100.0,15907.0,False,251.7,5.3525,Jawa,Jawa Bagian Barat,1,1,1.0584711132,0.2299771196,5.7007165208,1.406253796,305.9,335.8,297.8,-54.2,-17.72,Turun,-1.0,85142.22,0.0158,Tinggi,2
DKI Jakarta,2021,29103.0,False,10609700.0,15978.0,False,274.3,5.3525,Jawa,Jawa Bagian Barat,1,1,1.3190546897,0.2342961594,5.7274181675,1.406253796,251.7,305.9,277.3,22.6,8.98,Naik,1.0,85522.24,0.0172,Tinggi,2
DKI Jakarta,2022,32602.0,False,10680000.0,16158.0,False,305.3,5.3525,Jawa,Jawa Bagian Barat,1,1,1.676492339,0.2406749093,5.7951124834,1.406253796,274.3,251.7,277.1,31.0,11.3,Naik,1.0,86485.7,0.0189,Tinggi,2
DKI Jakarta,2023,87426.0,False,10672100.0,16146.0,False,819.2,5.3525,Jawa,Jawa Bagian Barat,1,1,7.6018861441,0.2399580939,5.790599529,1.406253796,305.3,274.3,466.3,513.9,168.33,Naik,1.0,86421.46,0.0507,Berbahaya,3
DKI Jakarta,2024,77261.0,False,10684900.0,16165.0,False,723.1,6.12,Jawa,Jawa Bagian Barat,1,1,6.4938294314,0.2411195163,5.7977450401,2.3498273302,819.2,305.3,615.9,-96.1,-11.73,Turun,-1.0,98929.8,0.0447,Berbahaya,3
Gorontalo,2015,3372.0,False,1105497.0,98.1,True,305.0,3.1224999999999996,Sulawesi,Sulawesi Bagian Utara,4,14,1.673033265,-0.6280784346,-0.2446871973,-1.3353344532,,,,,,,,306.32,3.1091,Tinggi,2
Gorontalo,2016,3763.0,False,1118432.0,99.3,True,336.5,3.1224999999999996,Sulawesi,Sulawesi Bagian Utara,4,14,2.0362360376,-0.6269047628,-0.2442359019,-1.3353344532,305.0,,320.8,31.5,10.33,Naik,1.0,310.06,3.3887,Tinggi,2
Gorontalo,2017,3099.0,False,1131517.0,100.4,True,273.9,3.1224999999999996,Sulawesi,Sulawesi Bagian Utara,4,14,1.314442591,-0.6257174805,-0.2438222144,-1.3353344532,336.5,305.0,305.1,-62.6,-18.6,Turun,-1.0,313.5,2.7281,Tinggi,2
Gorontalo,2018,2836.0,False,1144756.0,101.6,True,247.7,3.1224999999999996,Sulawesi,Sulawesi Bagian Utara,4,14,1.0123501262,-0.6245162249,-0.243370919,-1.3353344532,273.9,336.5,286.0,-26.2,-9.57,Turun,-1.0,317.25,2.438,Tinggi,2
Gorontalo,2019,2367.0,False,1158150.0,102.8,True,204.4,3.1224999999999996,Sulawesi,Sulawesi Bagian Utara,4,14,0.5130904419,-0.6233009052,-0.2429196235,-1.3353344532,247.7,273.9,242.0,-43.3,-17.48,Turun,-1.0,320.99,1.9883,Tinggi,2
Gorontalo,2020,2518.0,False,1171700.0,104.0,False,214.9,3.1224999999999996,Sulawesi,Sulawesi Bagian Utara,4,14,0.6341580327,-0.6220714306,-0.2424683281,-1.3353344532,204.4,247.7,222.3,10.5,5.14,Naik,1.0,324.74,2.0663,Tinggi,2
Gorontalo,2021,2445.0,False,1181000.0,105.0,False,207.0,3.1224999999999996,Sulawesi,Sulawesi Bagian Utara,4,14,0.5430690834,-0.6212275846,-0.2420922485,-1.3353344532,214.9,204.4,208.8,-7.9,-3.68,Turun,-1.0,327.86,1.9714,Tinggi,2
Gorontalo,2022,2488.0,False,1192700.0,99.0,False,208.6,3.1224999999999996,Sulawesi,Sulawesi Bagian Utara,4,14,0.5615174782,-0.6201659719,-0.2443487257,-1.3353344532,207.0,214.9,210.2,1.6,0.77,Stabil,0.0,309.13,2.1071,Tinggi,2
Gorontalo,2023,3574.0,False,1213200.0,101.0,False,294.6,3.1224999999999996,Sulawesi,Sulawesi Bagian Utara,4,14,1.5531186988,-0.6183058812,-0.2435965667,-1.3353344532,208.6,207.0,236.7,86.0,41.23,Naik,1.0,315.37,2.9168,Tinggi,2
Gorontalo,2024,3317.0,False,1227800.0,102.0,False,270.2,3.09,Sulawesi,Sulawesi Bagian Utara,4,14,1.271780678,-0.6169811338,-0.2432204871,-1.3752903358,294.6,208.6,257.8,-24.4,-8.28,Turun,-1.0,315.18,2.649,Tinggi,2
Jambi,2015,10564.0,False,3347722.0,67.0,True,315.6,4.24,Sumatera,Sumatera Bagian Tengah,5,16,1.7952538805,-0.4246276167,-0.2563832708,0.0385332008,,,,,,,,284.08,4.7104,Tinggi,2
Jambi,2016,5904.0,False,3386890.0,67.8,True,174.3,4.24,Sumatera,Sumatera Bagian Tengah,5,16,0.1660300147,-0.421073664,-0.2560824072,0.0385332008,315.6,,245.0,-141.3,-44.77,Turun,-1.0,287.47,2.5708,Sedang,1
Jambi,2017,9531.0,False,3426517.0,68.6,True,278.2,4.24,Sumatera,Sumatera Bagian Tengah,5,16,1.364022652,-0.4174780634,-0.2557815435,0.0385332008,174.3,315.6,256.0,103.9,59.61,Naik,1.0,290.86,4.0554,Tinggi,2
Jambi,2018,6313.0,False,3466607.0,69.4,True,182.1,4.24,Sumatera,Sumatera Bagian Tengah,5,16,0.2559659393,-0.4138404519,-0.2554806799,0.0385332008,278.2,174.3,211.5,-96.1,-34.54,Turun,-1.0,294.26,2.6239,Sedang,1
Jambi,2019,6848.0,False,3507166.0,70.2,True,195.3,4.24,Sumatera,Sumatera Bagian Tengah,5,16,0.4081651964,-0.4101602853,-0.2551798163,0.0385332008,182.1,278.2,218.5,13.2,7.25,Naik,1.0,297.65,2.7821,Sedang,1
Jambi,2020,4709.0,False,3548200.0,71.0,False,132.7,4.24,Sumatera,Sumatera Bagian Tengah,5,16,-0.3136282502,-0.4064370189,-0.2548789526,0.0385332008,195.3,182.1,170.0,-62.6,-32.05,Turun,-1.0,301.04,1.869,Sedang,1
Jambi,2021,3701.0,False,3585100.0,72.0,False,103.2,4.24,Sumatera,Sumatera Bagian Tengah,5,16,-0.6537705293,-0.4030888557,-0.2545028731,0.0385332008,132.7,195.3,143.7,-29.5,-22.23,Turun,-1.0,305.28,1.4333,Sedang,1
Jambi,2022,5359.0,False,3631100.0,74.0,False,147.6,4.24,Sumatera,Sumatera Bagian Tengah,5,16,-0.1418275736,-0.3989149938,-0.2537507141,0.0385332008,103.2,132.7,127.8,44.4,43.02,Naik,1.0,313.76,1.9946,Sedang,1
Jambi,2023,7432.0,False,3679200.0,75.0,False,202.0,4.24,Sumatera,Sumatera Bagian Tengah,5,16,0.4854178497,-0.394550586,-0.2533746345,0.0385332008,147.6,103.2,150.9,54.4,36.86,Naik,1.0,318.0,2.6933,Tinggi,2
Jambi,2024,7592.0,False,3724300.0,76.0,False,203.9,4.465,Sumatera,Sumatera Bagian Tengah,5,16,0.5073253185,-0.3904583865,-0.252998555,0.3151508493,202.0,147.6,184.5,1.9,0.94,Stabil,0.0,339.34,2.6829,Tinggi,2
Jawa Barat,2015,27805.0,False,45546639.0,1287.9,True,61.0,5.3525,Jawa,Jawa Bagian Barat,1,1,-1.1403469422,3.4043387801,0.2027722302,1.406253796,,,,,,,,6893.48,0.0474,Rendah,0
Jawa Barat,2016,29351.0,False,46079535.0,1302.9,True,63.7,5.3525,Jawa,Jawa Bagian Barat,1,1,-1.1092152759,3.4526917006,0.2084134232,1.406253796,61.0,,62.4,2.7,4.43,Stabil,0.0,6973.77,0.0489,Rendah,0
Jawa Barat,2017,25183.0,False,46618665.0,1318.2,True,54.0,5.3525,Jawa,Jawa Bagian Barat,1,1,-1.2210586694,3.5016102701,0.21416744,1.406253796,63.7,61.0,59.6,-9.7,-15.23,Turun,-1.0,7055.67,0.041,Rendah,0
Jawa Barat,2018,16209.0,False,47164104.0,1333.6,True,34.4,5.3525,Jawa,Jawa Bagian Barat,1,1,-1.4470515057,3.5511012938,0.2199590648,1.406253796,54.0,63.7,50.7,-19.6,-36.3,Turun,-1.0,7138.09,0.0258,Rendah,0
Jawa Barat,2019,13145.0,False,47715924.0,1349.2,True,27.5,5.3525,Jawa,Jawa Bagian Barat,1,1,-1.5266102083,3.6011713047,0.2258259055,1.406253796,34.4,54.0,38.6,-6.9,-20.06,Turun,-1.0,7221.59,0.0204,Rendah,0
Jawa Barat,2020,11256.0,False,48274200.0,1365.0,False,23.3,5.3525,Jawa,Jawa Bagian Barat,1,1,-1.5750372447,3.6518271082,0.2317679621,1.406253796,27.5,34.4,28.4,-4.2,-15.27,Stabil,0.0,7306.16,0.0171,Rendah,0
Jawa Barat,2021,7502.0,False,48782400.0,1379.0,False,15.4,5.3525,Jawa,Jawa Bagian Barat,1,1,-1.666126194,3.6979392092,0.2370330756,1.406253796,23.3,27.5,22.1,-7.9,-33.91,Turun,-1.0,7381.1,0.0112,Rendah,0
Jawa Barat,2022,29485.0,False,49405800.0,1334.0,False,59.7,5.3525,Jawa,Jawa Bagian Barat,1,1,-1.155336263,3.7545041123,0.2201094966,1.406253796,15.4,23.3,32.8,44.3,287.66,Naik,1.0,7140.24,0.0448,Rendah,0
Jawa Barat,2023,45694.0,False,49860300.0,1346.0,False,91.6,5.3525,Jawa,Jawa Bagian Barat,1,1,-0.7875213916,3.7957436831,0.224622451,1.406253796,59.7,15.4,55.6,31.9,53.43,Naik,1.0,7204.46,0.0681,Rendah,0
Jawa Barat,2024,37636.0,False,50345200.0,1359.0,False,74.8,6.83,Jawa,Jawa Bagian Barat,1,1,-0.981229537,3.8397416323,0.2295114849,3.2227096875,91.6,59.7,75.4,-16.8,-18.34,Turun,-1.0,9281.97,0.055,Rendah,0
Jawa Tengah,2015,15958.0,False,34452794.0,1050.1,True,46.3,5.3525,Jawa,Jawa Bagian Tengah,1,2,-1.3098415694,2.3977262238,0.1133405174,1.406253796,,,,,,,,5620.66,0.0441,Rendah,0
Jawa Tengah,2016,14353.0,False,34855892.0,1062.4,True,41.2,5.3525,Jawa,Jawa Bagian Tengah,1,2,-1.3686458278,2.4343017761,0.1179662957,1.406253796,46.3,,43.8,-5.1,-11.02,Turun,-1.0,5686.5,0.0388,Rendah,0
Jawa Tengah,2017,12033.0,False,35263706.0,1074.8,True,34.1,5.3525,Jawa,Jawa Bagian Tengah,1,2,-1.4505105798,2.47130524,0.1226296819,1.406253796,41.2,46.3,40.5,-7.1,-17.23,Turun,-1.0,5752.87,0.0317,Rendah,0
Jawa Tengah,2018,9127.0,False,35676291.0,1087.4,True,25.6,5.3525,Jawa,Jawa Bagian Tengah,1,2,-1.5485176771,2.508741606,0.127368284,1.406253796,34.1,41.2,33.6,-8.5,-24.93,Turun,-1.0,5820.31,0.0235,Rendah,0
Jawa Tengah,2019,10317.0,False,36093704.0,1100.1,True,28.6,5.3525,Jawa,Jawa Bagian Tengah,1,2,-1.5139269369,2.546616046,0.132144494,1.406253796,25.6,34.1,29.4,3.0,11.72,Stabil,0.0,5888.29,0.026,Rendah,0
Jawa Tengah,2020,10712.0,False,36516000.0,1113.0,False,29.3,5.3525,Jawa,Jawa Bagian Tengah,1,2,-1.5058557642,2.5849335505,0.13699592,1.406253796,28.6,25.6,27.8,0.7,2.45,Stabil,0.0,5957.33,0.0263,Rendah,0
Jawa Tengah,2021,8909.0,False,36742500.0,1120.0,False,24.2,5.3525,Jawa,Jawa Bagian Tengah,1,2,-1.5646600226,2.6054852839,0.1396284767,1.406253796,29.3,28.6,27.4,-5.1,-17.41,Turun,-1.0,5994.8,0.0216,Rendah,0
Jawa Tengah,2022,30060.0,False,37032400.0,1078.0,False,81.2,5.3525,Jawa,Jawa Bagian Tengah,1,2,-0.9074359578,2.6317896878,0.1238331364,1.406253796,24.2,29.3,44.9,57.0,235.54,Naik,1.0,5770.0,0.0753,Rendah,0
Jawa Tengah,2023,42304.0,False,37541000.0,1093.0,False,112.7,5.3525,Jawa,Jawa Bagian Tengah,1,2,-0.5442331852,2.6779380832,0.1294743294,1.406253796,81.2,24.2,72.7,31.5,38.79,Naik,1.0,5850.28,0.1031,Sedang,1
Jawa Tengah,2024,41460.0,False,37892300.0,1104.0,False,109.4,4.585,Jawa,Jawa Bagian Tengah,1,2,-0.5822829994,2.7098136855,0.1336112042,0.4626802618,112.7,81.2,101.1,-3.3,-2.93,Stabil,0.0,5061.84,0.0991,Sedang,1
Jawa Timur,2015,27394.0,False,38368030.0,802.9,True,71.4,5.3525,Jawa,Jawa Bagian Timur,1,3,-1.020432376,2.7529795844,0.020373657,1.406253796,,,,,,,,4297.52,0.0889,Rendah,0
Jawa Timur,2016,5437.0,False,38816936.0,812.3,True,14.0,5.3525,Jawa,Jawa Bagian Timur,1,3,-1.6822685395,2.7937115773,0.0239088046,1.406253796,71.4,,42.7,-57.4,-80.39,Turun,-1.0,4347.84,0.0172,Rendah,0
Jawa Timur,2017,28902.0,False,39271094.0,821.8,True,73.6,5.3525,Jawa,Jawa Bagian Timur,1,3,-0.9950658331,2.8349201164,0.0274815602,1.406253796,14.0,71.4,53.0,59.6,425.71,Naik,1.0,4398.68,0.0896,Rendah,0
Jawa Timur,2018,26295.0,False,39730566.0,831.4,True,66.2,5.3525,Jawa,Jawa Bagian Timur,1,3,-1.0803896591,2.8766108273,0.0310919237,1.406253796,73.6,14.0,51.3,-7.4,-10.05,Turun,-1.0,4450.07,0.0796,Rendah,0
Jawa Timur,2019,26985.0,False,40195414.0,841.2,True,67.1,5.3525,Jawa,Jawa Bagian Timur,1,3,-1.070012437,2.9187893356,0.0347775031,1.406253796,66.2,73.6,69.0,0.9,1.36,Stabil,0.0,4502.52,0.0798,Rendah,0
Jawa Timur,2020,17642.0,False,40665700.0,851.0,False,43.4,5.3525,Jawa,Jawa Bagian Timur,1,3,-1.343279285,2.961461267,0.0384630825,1.406253796,67.1,66.2,58.9,-23.7,-35.32,Turun,-1.0,4554.98,0.051,Rendah,0
Jawa Timur,2021,19257.0,False,40878800.0,855.0,False,47.1,5.3525,Jawa,Jawa Bagian Timur,1,3,-1.300617372,2.9807971362,0.0399674007,1.406253796,43.4,67.1,52.5,3.7,8.53,Stabil,0.0,4576.39,0.0551,Rendah,0
Jawa Timur,2022,51905.0,False,41150000.0,857.0,False,126.1,5.3525,Jawa,Jawa Bagian Timur,1,3,-0.3897278787,3.0054047745,0.0407195597,1.406253796,47.1,43.4,72.2,79.0,167.73,Naik,1.0,4587.09,0.1471,Sedang,1
Jawa Timur,2023,66741.0,False,41527900.0,865.0,False,160.7,5.3525,Jawa,Jawa Bagian Timur,1,3,0.0092186589,3.0396939579,0.043728196,1.406253796,126.1,47.1,111.3,34.6,27.44,Naik,1.0,4629.91,0.1858,Sedang,1
Jawa Timur,2024,60102.0,False,41814500.0,870.0,False,143.7,3.965,Jawa,Jawa Bagian Timur,1,3,-0.1867955359,3.0656989326,0.0456085937,-0.2995550362,160.7,126.1,143.5,-17.0,-10.58,Turun,-1.0,3449.55,0.1652,Sedang,1
Kalimantan Barat,2015,6669.0,False,5108479.0,34.9,True,130.5,4.045,Kalimantan,Kalimantan Bagian Barat,2,4,-0.338994793,-0.2648633415,-0.2684554238,-0.2012020945,,,,,,,,141.17,3.7393,Sedang,1
Kalimantan Barat,2016,7311.0,False,5168248.0,35.3,True,141.5,4.045,Kalimantan,Kalimantan Bagian Barat,2,4,-0.2121620788,-0.2594401338,-0.268304992,-0.2012020945,130.5,,136.0,11.0,8.43,Naik,1.0,142.79,4.0085,Sedang,1
Kalimantan Barat,2017,6020.0,False,5228716.0,35.7,True,115.1,4.045,Kalimantan,Kalimantan Bagian Barat,2,4,-0.516560593,-0.2539535015,-0.2681545601,-0.2012020945,141.5,130.5,129.0,-26.4,-18.66,Turun,-1.0,144.41,3.2241,Sedang,1
Kalimantan Barat,2018,5814.0,False,5289892.0,36.1,True,109.9,4.045,Kalimantan,Kalimantan Bagian Barat,2,4,-0.5765178761,-0.2484026281,-0.2680041283,-0.2012020945,115.1,141.5,122.2,-5.2,-4.52,Turun,-1.0,146.02,3.0443,Sedang,1
Kalimantan Barat,2019,4721.0,False,5351784.0,36.6,True,88.2,4.045,Kalimantan,Kalimantan Bagian Barat,2,4,-0.8267242306,-0.2427867876,-0.2678160886,-0.2012020945,109.9,115.1,104.4,-21.7,-19.75,Turun,-1.0,148.05,2.4098,Rendah,0
Kalimantan Barat,2020,3858.0,False,5414400.0,37.0,False,71.3,4.045,Kalimantan,Kalimantan Bagian Barat,2,4,-1.0215854006,-0.2371052541,-0.2676656567,-0.2012020945,88.2,109.9,89.8,-16.9,-19.16,Turun,-1.0,149.66,1.927,Rendah,0
Kalimantan Barat,2021,4048.0,False,5470800.0,37.0,False,74.0,4.045,Kalimantan,Kalimantan Bagian Barat,2,4,-0.9904537344,-0.2319877364,-0.2676656567,-0.2012020945,71.3,88.2,77.8,2.7,3.79,Stabil,0.0,149.66,2.0,Rendah,0
Kalimantan Barat,2022,3975.0,False,5541400.0,38.0,False,71.7,4.045,Kalimantan,Kalimantan Bagian Barat,2,4,-1.0169733019,-0.2255817656,-0.2672895772,-0.2012020945,74.0,71.3,72.3,-2.3,-3.11,Stabil,0.0,153.71,1.8868,Rendah,0
Kalimantan Barat,2023,6028.0,False,5623300.0,38.0,False,107.2,4.045,Kalimantan,Kalimantan Bagian Barat,2,4,-0.6076495423,-0.2181504766,-0.2672895772,-0.2012020945,71.7,74.0,84.3,35.5,49.51,Naik,1.0,153.71,2.8211,Sedang,1
Kalimantan Barat,2024,6246.0,False,5695500.0,39.0,False,109.7,4.53,Kalimantan,Kalimantan Bagian Barat,2,4,-0.5788239254,-0.2115993281,-0.2669134977,0.3950626144,107.2,71.7,96.2,2.5,2.33,Stabil,0.0,176.67,2.8128,Sedang,1
Kalimantan Selatan,2015,6809.0,False,3843436.0,99.1,True,177.2,4.045,Kalimantan,Kalimantan Bagian Selatan,2,5,0.1994677302,-0.379648447,-0.2443111178,-0.2012020945,,,,,,,,400.86,1.7881,Sedang,1
Kalimantan Selatan,2016,3712.0,False,3888404.0,100.2,True,95.5,4.045,Kalimantan,Kalimantan Bagian Selatan,2,5,-0.7425534293,-0.3755682247,-0.2438974303,-0.2012020945,177.2,,136.4,-81.7,-46.11,Turun,-1.0,405.31,0.9531,Rendah,0
Kalimantan Selatan,2017,6578.0,False,3933898.0,101.4,True,167.2,4.045,Kalimantan,Kalimantan Bagian Selatan,2,5,0.0841652627,-0.3714402752,-0.2434461349,-0.2012020945,95.5,177.2,146.6,71.7,75.08,Naik,1.0,410.16,1.6489,Sedang,1
Kalimantan Selatan,2018,2667.0,False,3979925.0,102.6,True,67.0,4.045,Kalimantan,Kalimantan Bagian Selatan,2,5,-1.0711654617,-0.3672639634,-0.2429948394,-0.2012020945,167.2,95.5,109.9,-100.2,-59.93,Turun,-1.0,415.02,0.653,Rendah,0
Kalimantan Selatan,2019,5375.0,False,4026490.0,103.8,True,133.5,4.045,Kalimantan,Kalimantan Bagian Selatan,2,5,-0.3044040528,-0.3630388355,-0.242543544,-0.2012020945,67.0,167.2,122.6,66.5,99.25,Naik,1.0,419.87,1.2861,Sedang,1
Kalimantan Selatan,2020,5206.0,False,4073600.0,105.0,False,127.8,4.045,Kalimantan,Kalimantan Bagian Selatan,2,5,-0.3701264592,-0.3587642565,-0.2420922485,-0.2012020945,133.5,67.0,109.4,-5.7,-4.27,Turun,-1.0,424.72,1.2171,Sedang,1
Kalimantan Selatan,2021,4973.0,False,4122600.0,106.0,False,120.6,4.045,Kalimantan,Kalimantan Bagian Selatan,2,5,-0.4531442358,-0.3543181861,-0.241716169,-0.2012020945,127.8,133.5,127.3,-7.2,-5.63,Turun,-1.0,428.77,1.1377,Sedang,1
Kalimantan Selatan,2022,5016.0,False,4182100.0,113.0,False,119.9,4.045,Kalimantan,Kalimantan Bagian Selatan,2,5,-0.4612154086,-0.3489193864,-0.2390836123,-0.2012020945,120.6,127.8,122.8,-0.7,-0.58,Stabil,0.0,457.08,1.0611,Sedang,1
Kalimantan Selatan,2023,6375.0,False,4222300.0,114.0,False,151.0,4.045,Kalimantan,Kalimantan Bagian Selatan,2,5,-0.1026247346,-0.345271794,-0.2387075328,-0.2012020945,119.9,120.6,130.5,31.1,25.94,Naik,1.0,461.13,1.3246,Sedang,1
Kalimantan Selatan,2024,5952.0,False,4273400.0,115.0,False,139.3,4.045,Kalimantan,Kalimantan Bagian Selatan,2,5,-0.2375286216,-0.3406351778,-0.2383314532,-0.2012020945,151.0,119.9,136.7,-11.7,-7.75,Turun,-1.0,465.18,1.2113,Sedang,1
Kalimantan Tengah,2015,2681.0,False,2519141.0,16.0,True,106.4,4.045,Kalimantan,Kalimantan Bagian Tengah,2,6,-0.6168737397,-0.4998098496,-0.2755633269,-0.2012020945,,,,,,,,64.72,6.65,Sedang,1
Kalimantan Tengah,2016,7211.0,False,2548615.0,16.2,True,282.9,4.045,Kalimantan,Kalimantan Bagian Tengah,2,6,1.4182148118,-0.4971354929,-0.275488111,-0.2012020945,106.4,,194.6,176.5,165.88,Naik,1.0,65.53,17.463,Tinggi,2
Kalimantan Tengah,2017,2699.0,False,2578434.0,16.4,True,104.7,4.045,Kalimantan,Kalimantan Bagian Tengah,2,6,-0.6364751592,-0.4944298323,-0.2754128951,-0.2012020945,282.9,106.4,164.7,-178.2,-62.99,Turun,-1.0,66.34,6.3841,Sedang,1
Kalimantan Tengah,2018,5699.0,False,2608602.0,16.6,True,218.5,4.045,Kalimantan,Kalimantan Bagian Tengah,2,6,0.675666921,-0.4916925047,-0.2753376792,-0.2012020945,104.7,282.9,202.0,113.8,108.69,Naik,1.0,67.15,13.1627,Tinggi,2
Kalimantan Tengah,2019,2444.0,False,2639122.0,16.8,True,92.6,4.045,Kalimantan,Kalimantan Bagian Tengah,2,6,-0.7759911449,-0.488923238,-0.2752624633,-0.2012020945,218.5,104.7,138.6,-125.9,-57.62,Turun,-1.0,67.96,5.5119,Rendah,0
Kalimantan Tengah,2020,2629.0,False,2670000.0,17.0,False,98.5,4.045,Kalimantan,Kalimantan Bagian Tengah,2,6,-0.707962689,-0.4861214878,-0.2751872474,-0.2012020945,92.6,218.5,136.5,5.9,6.37,Naik,1.0,68.76,5.7941,Rendah,0
Kalimantan Tengah,2021,2399.0,False,2702200.0,18.0,False,88.8,4.045,Kalimantan,Kalimantan Bagian Tengah,2,6,-0.8198060825,-0.4831997845,-0.2748111679,-0.2012020945,98.5,92.6,93.3,-9.7,-9.85,Turun,-1.0,72.81,4.9333,Rendah,0
Kalimantan Tengah,2022,3189.0,False,2741100.0,18.0,False,116.3,4.045,Kalimantan,Kalimantan Bagian Tengah,2,6,-0.5027242969,-0.479670149,-0.2748111679,-0.2012020945,88.8,98.5,101.2,27.5,30.97,Naik,1.0,72.81,6.4611,Sedang,1
Kalimantan Tengah,2023,4420.0,False,2773700.0,18.0,False,159.4,4.045,Kalimantan,Kalimantan Bagian Tengah,2,6,-0.0057706619,-0.4767121512,-0.2748111679,-0.2012020945,116.3,88.8,121.5,43.1,37.06,Naik,1.0,72.81,8.8556,Sedang,1
Kalimantan Tengah,2024,4897.0,False,2809700.0,18.0,False,174.3,3.84,Kalimantan,Kalimantan Bagian Tengah,2,6,0.1660300147,-0.4734456505,-0.2748111679,-0.4532315076,159.4,116.3,150.0,14.9,9.35,Naik,1.0,69.12,9.6833,Sedang,1
Kalimantan Timur,2015,8764.0,False,3553216.0,27.4,True,246.6,4.045,Kalimantan,Kalimantan Bagian Timur,2,7,0.9996668547,-0.4059818865,-0.2712760203,-0.2012020945,,,,,,,,110.83,9.0,Tinggi,2
Kalimantan Timur,2016,8896.0,False,3594788.0,27.7,True,247.5,4.045,Kalimantan,Kalimantan Bagian Timur,2,7,1.0100440768,-0.4022098041,-0.2711631964,-0.2012020945,246.6,,247.0,0.9,0.36,Stabil,0.0,112.05,8.935,Tinggi,2
Kalimantan Timur,2017,9149.0,False,3636847.0,28.0,True,251.6,4.045,Kalimantan,Kalimantan Bagian Timur,2,7,1.0573180885,-0.3983935332,-0.2710503725,-0.2012020945,247.5,246.6,248.6,4.1,1.66,Stabil,0.0,113.26,8.9857,Tinggi,2
Kalimantan Timur,2018,6287.0,False,3679398.0,28.3,True,170.9,4.045,Kalimantan,Kalimantan Bagian Timur,2,7,0.1268271757,-0.3945326202,-0.2709375487,-0.2012020945,251.6,247.5,223.3,-80.7,-32.07,Turun,-1.0,114.47,6.0389,Sedang,1
Kalimantan Timur,2019,4417.0,False,3722447.0,28.7,True,118.7,4.045,Kalimantan,Kalimantan Bagian Timur,2,7,-0.4750517047,-0.3906265206,-0.2707871169,-0.2012020945,170.9,251.6,180.4,-52.2,-30.54,Turun,-1.0,116.09,4.1359,Sedang,1
Kalimantan Timur,2020,3609.0,False,3766000.0,29.0,False,95.8,4.045,Kalimantan,Kalimantan Bagian Timur,2,7,-0.7390943553,-0.3866746899,-0.270674293,-0.2012020945,118.7,170.9,128.5,-22.9,-19.29,Turun,-1.0,117.3,3.3034,Rendah,0
Kalimantan Timur,2021,4564.0,False,3808200.0,30.0,False,119.8,4.045,Kalimantan,Kalimantan Bagian Timur,2,7,-0.4623684332,-0.3828456253,-0.2702982135,-0.2012020945,95.8,118.7,111.4,24.0,25.05,Naik,1.0,121.35,3.9933,Sedang,1
Kalimantan Timur,2022,4221.0,False,3859800.0,30.0,False,109.4,4.045,Kalimantan,Kalimantan Bagian Timur,2,7,-0.5822829994,-0.378163641,-0.2702982135,-0.2012020945,119.8,95.8,108.3,-10.4,-8.68,Turun,-1.0,121.35,3.6467,Sedang,1
Kalimantan Timur,2023,6762.0,False,3909700.0,31.0,False,173.0,4.045,Kalimantan,Kalimantan Bagian Timur,2,7,0.1510406939,-0.3736359081,-0.2699221339,-0.2012020945,109.4,119.8,134.1,63.6,58.14,Naik,1.0,125.4,5.5806,Sedang,1
Kalimantan Timur,2024,7158.0,False,4045900.0,32.0,False,176.9,5.445,Kalimantan,Kalimantan Bagian Timur,2,7,0.1960086562,-0.3612776473,-0.2695460544,1.5199743848,173.0,109.4,153.1,3.9,2.25,Stabil,0.0,174.24,5.5281,Sedang,1
Kalimantan Utara,2019,876.0,False,693684.0,8.9,True,126.3,4.045,Kalimantan,Kalimantan Bagian Timur,2,7,-0.3874218294,-0.6654447523,-0.2782334916,-0.2012020945,,,,,,,,36.0,14.191,Sedang,1
Kalimantan Utara,2020,1015.0,False,701800.0,9.0,False,144.6,4.045,Kalimantan,Kalimantan Bagian Timur,2,7,-0.1764183138,-0.6647083379,-0.2781958836,-0.2012020945,126.3,,135.4,18.3,14.49,Naik,1.0,36.4,16.0667,Sedang,1
Kalimantan Utara,2021,971.0,False,713600.0,9.0,False,136.1,4.045,Kalimantan,Kalimantan Bagian Timur,2,7,-0.2744254112,-0.6636376515,-0.2781958836,-0.2012020945,144.6,126.3,135.7,-8.5,-5.88,Turun,-1.0,36.4,15.1222,Sedang,1
Kalimantan Utara,2022,1280.0,False,727800.0,10.0,False,175.9,4.045,Kalimantan,Kalimantan Bagian Timur,2,7,0.1844784095,-0.6623491985,-0.2778198041,-0.2012020945,136.1,144.6,152.2,39.8,29.24,Naik,1.0,40.45,17.59,Sedang,1
Kalimantan Utara,2023,1701.0,False,730000.0,10.0,False,233.0,4.045,Kalimantan,Kalimantan Bagian Timur,2,7,0.8428554989,-0.662149579,-0.2778198041,-0.2012020945,175.9,136.1,181.7,57.1,32.46,Naik,1.0,40.45,23.3,Tinggi,2
Kalimantan Utara,2024,1593.0,False,739800.0,11.0,False,215.3,3.955,Kalimantan,Kalimantan Bagian Timur,2,7,0.6387701314,-0.6612603649,-0.2774437246,-0.3118491539,233.0,175.9,208.1,-17.7,-7.6,Turun,-1.0,43.5,19.5727,Tinggi,2
Kepulauan Bangka Belitung,2015,1875.0,False,1373451.0,84.0,True,136.5,4.24,Sumatera,Sumatera Bagian Selatan,5,15,-0.2698133125,-0.6037653258,-0.2499899187,0.0385332008,,,,,,,,356.16,1.625,Sedang,1
Kepulauan Bangka Belitung,2016,2094.0,False,1389520.0,85.0,True,150.7,4.24,Sumatera,Sumatera Bagian Selatan,5,15,-0.1060838087,-0.6023072869,-0.2496138392,0.0385332008,136.5,,143.6,14.2,10.4,Naik,1.0,360.4,1.7729,Sedang,1
Kepulauan Bangka Belitung,2017,1931.0,False,1405778.0,85.9,True,137.4,4.24,Sumatera,Sumatera Bagian Selatan,5,15,-0.2594360904,-0.6008320989,-0.2492753676,0.0385332008,150.7,136.5,141.5,-13.3,-8.83,Turun,-1.0,364.22,1.5995,Sedang,1
Kepulauan Bangka Belitung,2018,2048.0,False,1422225.0,87.0,True,144.0,4.24,Sumatera,Sumatera Bagian Selatan,5,15,-0.1833364619,-0.5993397618,-0.2488616801,0.0385332008,137.4,150.7,144.0,6.6,4.8,Naik,1.0,368.88,1.6552,Sedang,1
Kepulauan Bangka Belitung,2019,1953.0,False,1438865.0,88.0,True,135.7,4.24,Sumatera,Sumatera Bagian Selatan,5,15,-0.2790375099,-0.5978299126,-0.2484856006,0.0385332008,144.0,137.4,139.0,-8.3,-5.76,Turun,-1.0,373.12,1.542,Sedang,1
Kepulauan Bangka Belitung,2020,1931.0,False,1455700.0,89.0,False,132.7,4.24,Sumatera,Sumatera Bagian Selatan,5,15,-0.3136282502,-0.5963023699,-0.2481095211,0.0385332008,135.7,144.0,137.5,-3.0,-2.21,Stabil,0.0,377.36,1.491,Sedang,1
Kepulauan Bangka Belitung,2021,1566.0,False,1473200.0,90.0,False,106.3,4.24,Sumatera,Sumatera Bagian Selatan,5,15,-0.6180267644,-0.5947144876,-0.2477334415,0.0385332008,132.7,135.7,124.9,-26.4,-19.89,Turun,-1.0,381.6,1.1811,Sedang,1
Kepulauan Bangka Belitung,2022,2072.0,False,1494600.0,90.0,False,138.6,4.24,Sumatera,Sumatera Bagian Selatan,5,15,-0.2455997943,-0.5927727344,-0.2477334415,0.0385332008,106.3,132.7,125.9,32.3,30.39,Naik,1.0,381.6,1.54,Sedang,1
Kepulauan Bangka Belitung,2023,2211.0,False,1511900.0,91.0,False,146.2,4.24,Sumatera,Sumatera Bagian Selatan,5,15,-0.157969919,-0.5912029994,-0.247357362,0.0385332008,138.6,106.3,130.4,7.6,5.48,Naik,1.0,385.84,1.6066,Sedang,1
Kepulauan Bangka Belitung,2024,2645.0,False,1531500.0,92.0,False,172.7,4.24,Sumatera,Sumatera Bagian Selatan,5,15,0.1475816199,-0.5894245712,-0.2469812825,0.0385332008,146.2,138.6,152.5,26.5,18.13,Naik,1.0,390.08,1.8772,Sedang,1
Kepulauan Riau,2015,4892.0,False,1947947.0,237.8,True,251.1,4.24,Sumatera,Sumatera Bagian Utara,5,17,1.0515529651,-0.5516377823,-0.1921488867,0.0385332008,,,,,,,,1008.27,1.0559,Tinggi,2
Kepulauan Riau,2016,4885.0,False,1970738.0,240.5,True,247.9,4.24,Sumatera,Sumatera Bagian Utara,5,17,1.0146561755,-0.5495698152,-0.1911334719,0.0385332008,251.1,,249.5,-3.2,-1.27,Stabil,0.0,1019.72,1.0308,Tinggi,2
Kepulauan Riau,2017,3673.0,False,1993796.0,243.4,True,184.2,4.24,Sumatera,Sumatera Bagian Utara,5,17,0.2801794575,-0.5474776215,-0.1900428413,0.0385332008,247.9,251.1,227.7,-63.7,-25.7,Turun,-1.0,1032.02,0.7568,Sedang,1
Kepulauan Riau,2018,3409.0,False,2017123.0,246.2,True,169.0,4.24,Sumatera,Sumatera Bagian Utara,5,17,0.1049197069,-0.5453610198,-0.1889898186,0.0385332008,184.2,247.9,200.4,-15.2,-8.25,Turun,-1.0,1043.89,0.6864,Sedang,1
Kepulauan Riau,2019,3159.0,False,2040724.0,249.1,True,154.8,4.24,Sumatera,Sumatera Bagian Utara,5,17,-0.058809797,-0.5432195564,-0.1878991879,0.0385332008,169.0,184.2,169.3,-14.2,-8.4,Turun,-1.0,1056.18,0.6214,Sedang,1
Kepulauan Riau,2020,2843.0,False,2064600.0,252.0,False,137.7,4.24,Sumatera,Sumatera Bagian Utara,5,17,-0.2559770164,-0.5410531406,-0.1868085573,0.0385332008,154.8,169.0,153.8,-17.1,-11.05,Turun,-1.0,1068.48,0.5464,Sedang,1
Kepulauan Riau,2021,2481.0,False,2118200.0,258.0,False,117.1,4.24,Sumatera,Sumatera Bagian Utara,5,17,-0.4935000995,-0.5361896841,-0.1845520801,0.0385332008,137.7,154.8,136.5,-20.6,-14.96,Turun,-1.0,1093.92,0.4539,Sedang,1
Kepulauan Riau,2022,3358.0,False,2179800.0,264.0,False,154.1,4.24,Sumatera,Sumatera Bagian Utara,5,17,-0.0668809697,-0.5306003385,-0.1822956029,0.0385332008,117.1,137.7,136.3,37.0,31.6,Naik,1.0,1119.36,0.5837,Sedang,1
Kepulauan Riau,2023,5074.0,False,2152600.0,260.0,False,235.7,4.24,Sumatera,Sumatera Bagian Utara,5,17,0.8739871651,-0.5330683612,-0.183799921,0.0385332008,154.1,117.1,169.0,81.6,52.95,Naik,1.0,1102.4,0.9065,Tinggi,2
Kepulauan Riau,2024,5294.0,False,2183300.0,264.0,False,242.5,4.24,Sumatera,Sumatera Bagian Utara,5,17,0.952392843,-0.530282762,-0.1822956029,0.0385332008,235.7,154.1,210.8,6.8,2.89,Naik,1.0,1119.36,0.9186,Tinggi,2
Lampung,2015,9218.0,False,8498846.0,245.3,True,108.5,4.24,Sumatera,Sumatera Bagian Selatan,5,15,-0.5926602215,0.0427654375,-0.1893282902,0.0385332008,,,,,,,,1040.07,0.4423,Sedang,1
Lampung,2016,10485.0,False,8598283.0,248.2,True,121.9,4.24,Sumatera,Sumatera Bagian Selatan,5,15,-0.4381549151,0.0517879661,-0.1882376595,0.0385332008,108.5,,115.2,13.4,12.35,Naik,1.0,1052.37,0.4911,Sedang,1
Lampung,2017,11089.0,False,8698883.0,251.1,True,127.5,4.24,Sumatera,Sumatera Bagian Selatan,5,15,-0.3735855333,0.0609160207,-0.1871470289,0.0385332008,121.9,108.5,119.3,5.6,4.59,Naik,1.0,1064.66,0.5078,Sedang,1
Lampung,2018,8963.0,False,8800660.0,254.0,True,101.8,4.24,Sumatera,Sumatera Bagian Selatan,5,15,-0.6699128748,0.0701508717,-0.1860563982,0.0385332008,127.5,121.9,117.1,-25.7,-20.16,Turun,-1.0,1076.96,0.4008,Sedang,1
Lampung,2019,8534.0,False,8903628.0,257.0,True,95.8,4.24,Sumatera,Sumatera Bagian Selatan,5,15,-0.7390943553,0.0794937895,-0.1849281596,0.0385332008,101.8,127.5,108.4,-6.0,-5.89,Turun,-1.0,1089.68,0.3728,Rendah,0
Lampung,2020,7594.0,False,9007800.0,260.0,False,84.3,4.24,Sumatera,Sumatera Bagian Selatan,5,15,-0.8716921929,0.0889459536,-0.183799921,0.0385332008,95.8,101.8,94.0,-11.5,-12.0,Turun,-1.0,1102.4,0.3242,Rendah,0
Lampung,2021,9764.0,False,9081800.0,262.0,False,107.5,4.24,Sumatera,Sumatera Bagian Selatan,5,15,-0.6041904683,0.0956604272,-0.183047762,0.0385332008,84.3,95.8,95.9,23.2,27.52,Naik,1.0,1110.88,0.4103,Sedang,1
Lampung,2022,11022.0,False,9176600.0,273.0,False,120.1,4.24,Sumatera,Sumatera Bagian Selatan,5,15,-0.4589093592,0.1042622122,-0.1789108871,0.0385332008,107.5,84.3,104.0,12.6,11.72,Naik,1.0,1157.52,0.4399,Sedang,1
Lampung,2023,16608.0,False,9314000.0,277.0,False,178.3,4.24,Sumatera,Sumatera Bagian Selatan,5,15,0.2121510017,0.1167293564,-0.177406569,0.0385332008,120.1,107.5,135.3,58.2,48.46,Naik,1.0,1174.48,0.6437,Sedang,1
Lampung,2024,16249.0,False,9419600.0,281.0,False,172.5,4.155,Sumatera,Sumatera Bagian Selatan,5,15,0.1452755705,0.1263110917,-0.1759022509,-0.0659667997,178.3,120.1,157.0,-5.8,-3.25,Turun,-1.0,1167.56,0.6139,Sedang,1
Maluku,2015,1873.0,False,1744435.0,36.8,True,107.4,5.065,Maluku & Papua,Maluku,3,8,-0.605343493,-0.5701036735,-0.2677408727,1.0527979118,,,,,,,,186.39,2.9185,Sedang,1
Maluku,2016,2559.0,False,1764844.0,37.2,True,145.0,5.065,Maluku & Papua,Maluku,3,8,-0.1718062151,-0.5682518398,-0.2675904408,1.0527979118,107.4,,126.2,37.6,35.01,Naik,1.0,188.42,3.8978,Sedang,1
Maluku,2017,3086.0,False,1785493.0,37.7,True,172.8,5.065,Maluku & Papua,Maluku,3,8,0.1487346445,-0.5663782295,-0.2674024011,1.0527979118,145.0,107.4,141.7,27.8,19.17,Naik,1.0,190.95,4.5836,Sedang,1
Maluku,2018,2751.0,False,1806383.0,38.1,True,152.3,5.065,Maluku & Papua,Maluku,3,8,-0.0876354139,-0.5644827518,-0.2672519693,1.0527979118,172.8,145.0,156.7,-20.5,-11.86,Turun,-1.0,192.98,3.9974,Sedang,1
Maluku,2019,3495.0,False,1827518.0,38.5,True,191.2,5.065,Maluku & Papua,Maluku,3,8,0.3608911847,-0.5625650437,-0.2671015374,1.0527979118,152.3,172.8,172.1,38.9,25.54,Naik,1.0,195.0,4.9662,Sedang,1
Maluku,2020,5350.0,False,1848900.0,39.0,False,289.4,5.065,Maluku & Papua,Maluku,3,8,1.4931614156,-0.5606249237,-0.2669134977,1.0527979118,191.2,152.3,211.0,98.2,51.36,Naik,1.0,197.54,7.4205,Tinggi,2
Maluku,2021,3139.0,False,1862600.0,40.0,False,168.5,5.065,Maluku & Papua,Maluku,3,8,0.0991545835,-0.5593818388,-0.2665374181,1.0527979118,289.4,191.2,216.4,-120.9,-41.78,Turun,-1.0,202.6,4.2125,Sedang,1
Maluku,2022,2383.0,False,1881700.0,41.0,False,126.6,5.065,Maluku & Papua,Maluku,3,8,-0.3839627553,-0.5576487787,-0.2661613386,1.0527979118,168.5,289.4,194.8,-41.9,-24.87,Turun,-1.0,207.67,3.0878,Sedang,1
Maluku,2023,4741.0,False,1920500.0,42.0,False,246.9,5.065,Maluku & Papua,Maluku,3,8,1.0031259288,-0.5541282169,-0.2657852591,1.0527979118,126.6,168.5,180.7,120.3,95.02,Naik,1.0,212.73,5.8786,Tinggi,2
Maluku,2024,4512.0,False,1945600.0,42.0,False,231.9,6.035,Maluku & Papua,Maluku,3,8,0.8301722275,-0.55185074,-0.2657852591,2.2453273296,246.9,126.6,201.8,-15.0,-6.08,Turun,-1.0,253.47,5.5214,Tinggi,2
Maluku Utara,2015,814.0,False,1204417.0,38.0,True,67.58,5.065,Maluku & Papua,Maluku,3,8,-1.0644779186,-0.6191028167,-0.2672895772,1.0527979118,,,,,,,,192.47,1.7784,Rendah,0
Maluku Utara,2016,1096.0,False,1219720.0,38.0,True,89.86,5.065,Maluku & Papua,Maluku,3,8,-0.807584021,-0.6177142817,-0.2672895772,1.0527979118,67.58,,78.7,22.28,32.97,Naik,1.0,192.47,2.3647,Rendah,0
Maluku Utara,2017,789.0,False,1235217.0,39.0,True,63.88,5.065,Maluku & Papua,Maluku,3,8,-1.1071398315,-0.6163081439,-0.2669134977,1.0527979118,89.86,67.58,73.8,-25.98,-28.91,Turun,-1.0,197.54,1.6379,Rendah,0
Maluku Utara,2020,850.0,False,1282900.0,40.0,False,66.26,5.065,Maluku & Papua,Maluku,3,8,-1.0796978443,-0.611981573,-0.2665374181,1.0527979118,63.88,89.86,73.3,2.38,3.73,Stabil,0.0,202.6,1.6565,Rendah,0
Maluku Utara,2021,1008.0,False,1299200.0,41.0,False,77.59,5.065,Maluku & Papua,Maluku,3,8,-0.9490601486,-0.6105025741,-0.2661613386,1.0527979118,66.26,63.88,69.2,11.33,17.1,Naik,1.0,207.67,1.8924,Rendah,0
Maluku Utara,2022,1220.0,False,1319300.0,40.0,False,92.47,5.065,Maluku & Papua,Maluku,3,8,-0.7774900769,-0.6086787779,-0.2665374181,1.0527979118,77.59,66.26,78.8,14.88,19.18,Naik,1.0,202.6,2.3118,Rendah,0
Maluku Utara,2023,2334.0,False,1337100.0,41.0,False,174.56,5.065,Maluku & Papua,Maluku,3,8,0.1690278788,-0.6070636748,-0.2661613386,1.0527979118,92.47,77.59,114.9,82.09,88.77,Naik,1.0,207.67,4.2576,Sedang,1
Maluku Utara,2024,2146.0,False,1355600.0,41.0,False,158.31,4.095000000000001,Maluku & Papua,Maluku,3,8,-0.0183386309,-0.6053850564,-0.2661613386,-0.139731506,174.56,92.47,141.8,-16.25,-9.31,Turun,-1.0,167.9,3.8612,Sedang,1
Nusa Tenggara Barat,2015,6015.0,False,5019507.0,269.8,True,119.8,3.015,Bali & Nusa Tenggara,Nusa Tenggara,0,9,-0.4623684332,-0.2729363165,-0.1801143416,-1.4674962186,,,,,,,,813.45,0.444,Sedang,1
Nusa Tenggara Barat,2016,7779.0,False,5078235.0,273.0,True,153.2,3.015,Bali & Nusa Tenggara,Nusa Tenggara,0,9,-0.0772581918,-0.267607565,-0.1789108871,-1.4674962186,119.8,,136.5,33.4,27.88,Naik,1.0,823.1,0.5612,Sedang,1
Nusa Tenggara Barat,2017,8132.0,False,5137650.0,276.2,True,158.3,3.015,Bali & Nusa Tenggara,Nusa Tenggara,0,9,-0.0184539333,-0.2622164779,-0.1777074326,-1.4674962186,153.2,119.8,143.8,5.1,3.33,Naik,1.0,832.74,0.5731,Sedang,1
Nusa Tenggara Barat,2018,6451.0,False,5197761.0,279.4,True,124.1,3.015,Bali & Nusa Tenggara,Nusa Tenggara,0,9,-0.4127883722,-0.2567622384,-0.1765039781,-1.4674962186,158.3,153.2,145.2,-34.2,-21.6,Turun,-1.0,842.39,0.4442,Sedang,1
Nusa Tenggara Barat,2019,8185.0,False,5258575.0,282.7,True,155.7,3.015,Bali & Nusa Tenggara,Nusa Tenggara,0,9,-0.0484325749,-0.2512442115,-0.1752629157,-1.4674962186,124.1,158.3,146.0,31.6,25.46,Naik,1.0,852.34,0.5508,Sedang,1
Nusa Tenggara Barat,2020,8591.0,False,5320100.0,286.0,False,161.5,3.015,Bali & Nusa Tenggara,Nusa Tenggara,0,9,0.0184428563,-0.2456616711,-0.1740218532,-1.4674962186,155.7,124.1,147.1,5.8,3.73,Naik,1.0,862.29,0.5647,Sedang,1
Nusa Tenggara Barat,2021,6296.0,False,5390000.0,290.0,False,116.8,3.015,Bali & Nusa Tenggara,Nusa Tenggara,0,9,-0.4969591735,-0.2393192156,-0.1725175351,-1.4674962186,161.5,155.7,144.7,-44.7,-27.68,Turun,-1.0,874.35,0.4028,Sedang,1
Nusa Tenggara Barat,2022,5296.0,False,5473700.0,278.0,False,96.8,3.015,Bali & Nusa Tenggara,Nusa Tenggara,0,9,-0.7275641085,-0.2317246016,-0.1770304895,-1.4674962186,116.8,161.5,125.0,-20.0,-17.12,Turun,-1.0,838.17,0.3482,Rendah,0
Nusa Tenggara Barat,2023,7550.0,False,5560300.0,283.0,False,135.8,3.015,Bali & Nusa Tenggara,Nusa Tenggara,0,9,-0.2778844852,-0.2238668528,-0.1751500918,-1.4674962186,96.8,116.8,116.5,39.0,40.29,Naik,1.0,853.24,0.4799,Sedang,1
Nusa Tenggara Barat,2024,7546.0,False,5646000.0,287.0,False,133.7,3.015,Bali & Nusa Tenggara,Nusa Tenggara,0,9,-0.3020980034,-0.2160907665,-0.1736457737,-1.4674962186,135.8,96.8,122.1,-2.1,-1.55,Stabil,0.0,865.3,0.4659,Sedang,1
Nusa Tenggara Timur,2015,6709.0,False,5024696.0,102.8,True,133.5,3.015,Bali & Nusa Tenggara,Nusa Tenggara,0,9,-0.3044040528,-0.2724654867,-0.2429196235,-1.4674962186,,,,,,,,309.94,1.2986,Sedang,1
Nusa Tenggara Timur,2016,8713.0,False,5083485.0,104.0,True,171.4,3.015,Bali & Nusa Tenggara,Nusa Tenggara,0,9,0.1325922991,-0.2671312004,-0.2424683281,-1.4674962186,133.5,,152.4,37.9,28.39,Naik,1.0,313.56,1.6481,Sedang,1
Nusa Tenggara Timur,2017,6729.0,False,5142962.0,105.3,True,130.8,3.015,Bali & Nusa Tenggara,Nusa Tenggara,0,9,-0.335535719,-0.2617344876,-0.2419794247,-1.4674962186,171.4,133.5,145.2,-40.6,-23.69,Turun,-1.0,317.48,1.2422,Sedang,1
Nusa Tenggara Timur,2018,6257.0,False,5203134.0,106.5,True,120.3,3.015,Bali & Nusa Tenggara,Nusa Tenggara,0,9,-0.4566033099,-0.2562747132,-0.2415281293,-1.4674962186,130.8,171.4,140.8,-10.5,-8.03,Turun,-1.0,321.1,1.1296,Sedang,1
Nusa Tenggara Timur,2019,5865.0,False,5264011.0,107.7,True,111.4,3.015,Bali & Nusa Tenggara,Nusa Tenggara,0,9,-0.5592225059,-0.2507509699,-0.2410768338,-1.4674962186,120.3,130.8,120.8,-8.9,-7.4,Turun,-1.0,324.72,1.0344,Sedang,1
Nusa Tenggara Timur,2020,4790.0,False,5325600.0,109.0,False,89.9,3.015,Bali & Nusa Tenggara,Nusa Tenggara,0,9,-0.8071228111,-0.2451626224,-0.2405879304,-1.4674962186,111.4,120.3,107.2,-21.5,-19.3,Turun,-1.0,328.64,0.8248,Rendah,0
Nusa Tenggara Timur,2021,4909.0,False,5387700.0,111.0,False,91.1,3.015,Bali & Nusa Tenggara,Nusa Tenggara,0,9,-0.793286515,-0.2395279087,-0.2398357714,-1.4674962186,89.9,111.4,97.5,1.2,1.33,Stabil,0.0,334.66,0.8207,Rendah,0
Nusa Tenggara Timur,2022,5991.0,False,5466300.0,118.0,False,109.6,3.015,Bali & Nusa Tenggara,Nusa Tenggara,0,9,-0.5799769501,-0.232396049,-0.2372032146,-1.4674962186,91.1,89.9,96.9,18.5,20.31,Naik,1.0,355.77,0.9288,Sedang,1
Nusa Tenggara Timur,2023,12692.0,False,5569100.0,120.0,False,227.9,3.015,Bali & Nusa Tenggara,Nusa Tenggara,0,9,0.7840512405,-0.2230683749,-0.2364510556,-1.4674962186,109.6,91.1,142.9,118.3,107.94,Naik,1.0,361.8,1.8992,Tinggi,2
Nusa Tenggara Timur,2024,13007.0,False,5656000.0,122.0,False,230.0,3.095,Bali & Nusa Tenggara,Nusa Tenggara,0,9,0.8082647587,-0.2151834052,-0.2356988965,-1.3691432769,227.9,109.6,189.2,2.1,0.92,Stabil,0.0,377.59,1.8852,Tinggi,2
Papua,2015,7194.0,False,4054260.0,12.0,True,177.44,5.065,Maluku & Papua,Papua,3,10,0.2022349895,-0.3605190932,-0.2770676451,1.0527979118,,,,,,,,60.78,14.7867,Sedang,1
Papua,2016,8103.0,False,4102964.0,12.0,True,197.49,5.065,Maluku & Papua,Papua,3,10,0.4334164368,-0.3560998808,-0.2770676451,1.0527979118,177.44,,187.5,20.05,11.3,Naik,1.0,60.78,16.4575,Sedang,1
Papua,2017,6785.0,False,4152253.0,13.0,True,163.41,5.065,Maluku & Papua,Papua,3,10,0.0404656275,-0.3516275877,-0.2766915655,1.0527979118,197.49,177.44,179.4,-34.08,-17.26,Turun,-1.0,65.84,12.57,Sedang,1
Papua,2018,7311.0,False,4202134.0,13.0,True,173.98,5.065,Maluku & Papua,Papua,3,10,0.1623403357,-0.3471015788,-0.2766915655,1.0527979118,163.41,197.49,178.3,10.57,6.47,Naik,1.0,65.84,13.3831,Sedang,1
Papua,2019,6994.0,False,4252614.0,13.0,True,164.46,5.065,Maluku & Papua,Papua,3,10,0.0525723866,-0.342521219,-0.2766915655,1.0527979118,173.98,163.41,167.3,-9.52,-5.47,Turun,-1.0,65.84,12.6508,Sedang,1
Papua,2020,6962.0,False,4303700.0,13.0,False,161.77,5.065,Maluku & Papua,Papua,3,10,0.0215560229,-0.3378858731,-0.2766915655,1.0527979118,164.46,173.98,166.7,-2.69,-1.64,Stabil,0.0,65.84,12.4438,Sedang,1
Papua,2021,6236.0,False,4355400.0,14.0,False,143.18,5.065,Maluku & Papua,Papua,3,10,-0.1927912642,-0.3331948152,-0.276315486,1.0527979118,161.77,164.46,156.5,-18.59,-11.49,Turun,-1.0,70.91,10.2271,Sedang,1
Papua,2022,7584.0,False,4418600.0,14.0,False,171.64,5.065,Maluku & Papua,Papua,3,10,0.1353595583,-0.3274602918,-0.276315486,1.0527979118,143.18,161.77,158.9,28.46,19.88,Naik,1.0,70.91,12.26,Sedang,1
Papua,2023,14074.0,False,4482700.0,14.0,True,313.96,5.065,Maluku & Papua,Papua,3,10,1.7763442758,-0.3216441059,-0.276315486,1.0527979118,171.64,143.18,209.6,142.32,82.92,Naik,1.0,70.91,22.4257,Tinggi,2
Papua,2024,13922.0,False,4542600.0,14.0,True,306.48,2.62,Maluku & Papua,Papua,3,10,1.6900980301,-0.3162090118,-0.276315486,-1.9531138681,313.96,171.64,264.0,-7.48,-2.38,Turun,-1.0,36.68,21.8914,Tinggi,2
Papua Barat,2015,1356.0,False,1027109.0,10.0,True,132.02,5.065,Maluku & Papua,Papua,3,10,-0.321468818,-0.6351910583,-0.2778198041,1.0527979118,,,,,,,,50.65,13.202,Sedang,1
Papua Barat,2016,3123.0,False,1047667.0,10.0,True,298.09,5.065,Maluku & Papua,Papua,3,10,1.5933592599,-0.633325705,-0.2778198041,1.0527979118,132.02,,215.1,166.07,125.79,Naik,1.0,50.65,29.809,Tinggi,2
Papua Barat,2017,2284.0,False,1068637.0,10.0,True,213.73,5.065,Maluku & Papua,Papua,3,10,0.620667644,-0.6314229683,-0.2778198041,1.0527979118,298.09,132.02,214.6,-84.36,-28.3,Turun,-1.0,50.65,21.373,Tinggi,2
Papua Barat,2018,3475.0,False,1090027.0,11.0,True,318.8,5.065,Maluku & Papua,Papua,3,10,1.8321506701,-0.6294821225,-0.2774437246,1.0527979118,213.73,298.09,276.9,105.07,49.16,Naik,1.0,55.72,28.9818,Tinggi,2
Papua Barat,2019,2972.0,False,1111845.0,11.0,True,267.3,5.065,Maluku & Papua,Papua,3,10,1.2383429625,-0.6275024417,-0.2774437246,1.0527979118,318.8,213.73,266.6,-51.5,-16.15,Turun,-1.0,55.72,24.3,Tinggi,2
Papua Barat,2020,3162.0,False,1134100.0,11.0,False,278.81,5.065,Maluku & Papua,Papua,3,10,1.3710561026,-0.6254831091,-0.2774437246,1.0527979118,267.3,318.8,288.3,11.51,4.31,Naik,1.0,55.72,25.3464,Tinggi,2
Papua Barat,2021,2784.0,False,1156800.0,11.0,False,240.66,5.065,Maluku & Papua,Papua,3,10,0.931177189,-0.623423399,-0.2774437246,1.0527979118,278.81,267.3,262.3,-38.15,-13.68,Turun,-1.0,55.72,21.8782,Tinggi,2
Papua Barat,2022,4083.0,False,1183300.0,12.0,False,345.05,5.065,Maluku & Papua,Papua,3,10,2.1348196473,-0.6210188915,-0.2770676451,1.0527979118,240.66,278.81,288.2,104.39,43.38,Naik,1.0,60.78,28.7542,Tinggi,2
Papua Barat,2023,6410.0,False,1187300.0,12.0,False,539.88,5.065,Maluku & Papua,Papua,3,10,4.3812576217,-0.620655947,-0.2770676451,1.0527979118,345.05,240.66,375.2,194.83,56.46,Naik,1.0,60.78,44.99,Berbahaya,3
Papua Barat,2024,6085.0,False,1205800.0,11.0,True,504.64,6.25,Maluku & Papua,Papua,3,10,3.9749317262,-0.6189773286,-0.2774437246,2.5096508604,539.88,345.05,463.2,-35.24,-6.53,Turun,-1.0,68.75,45.8764,Berbahaya,3
Riau,2015,9595.0,False,6032824.0,68.9,True,159.0,4.24,Sumatera,Sumatera Bagian Tengah,5,16,-0.0103827606,-0.1809918539,-0.2556687197,0.0385332008,,,,,,,,292.14,2.3077,Sedang,1
Riau,2016,8520.0,False,6103408.0,69.7,True,139.6,4.24,Sumatera,Sumatera Bagian Tengah,5,16,-0.2340695476,-0.174587335,-0.255367856,0.0385332008,159.0,,149.3,-19.4,-12.2,Turun,-1.0,295.53,2.0029,Sedang,1
Riau,2017,6869.0,False,6174818.0,70.5,True,111.2,4.24,Sumatera,Sumatera Bagian Tengah,5,16,-0.5615285553,-0.168107868,-0.2550669924,0.0385332008,139.6,159.0,136.6,-28.4,-20.34,Turun,-1.0,298.92,1.5773,Sedang,1
Riau,2018,7246.0,False,6247064.0,71.3,True,116.0,4.24,Sumatera,Sumatera Bagian Tengah,5,16,-0.5061833709,-0.1615525456,-0.2547661288,0.0385332008,111.2,139.6,122.3,4.8,4.32,Stabil,0.0,302.31,1.6269,Sedang,1
Riau,2019,6570.0,False,6320154.0,72.2,True,104.0,4.24,Sumatera,Sumatera Bagian Tengah,5,16,-0.6445463319,-0.1549206419,-0.2544276572,0.0385332008,116.0,111.2,110.4,-12.0,-10.34,Turun,-1.0,306.13,1.4404,Sedang,1
Riau,2020,8194.0,False,6394100.0,73.0,False,128.1,4.24,Sumatera,Sumatera Bagian Tengah,5,16,-0.3666673852,-0.148211068,-0.2541267936,0.0385332008,104.0,116.0,116.0,24.1,23.17,Naik,1.0,309.52,1.7548,Sedang,1
Riau,2021,7512.0,False,6493600.0,75.0,False,115.7,4.24,Sumatera,Sumatera Bagian Tengah,5,16,-0.5096424449,-0.1391828231,-0.2533746345,0.0385332008,128.1,104.0,115.9,-12.4,-9.68,Turun,-1.0,318.0,1.5427,Sedang,1
Riau,2022,12389.0,False,6614400.0,74.0,False,187.3,4.24,Sumatera,Sumatera Bagian Tengah,5,16,0.3159232224,-0.1282218987,-0.2537507141,0.0385332008,115.7,128.1,143.7,71.6,61.88,Naik,1.0,313.76,2.5311,Sedang,1
Riau,2023,15777.0,False,6642900.0,74.0,False,237.5,4.24,Sumatera,Sumatera Bagian Tengah,5,16,0.8947416093,-0.125635919,-0.2537507141,0.0385332008,187.3,115.7,180.2,50.2,26.8,Naik,1.0,313.76,3.2095,Tinggi,2
Riau,2024,17799.0,False,6728100.0,75.0,False,264.5,3.775,Sumatera,Sumatera Bagian Tengah,5,16,1.2060582716,-0.1179052008,-0.2533746345,-0.5331432727,237.5,187.3,229.8,27.0,11.37,Naik,1.0,283.12,3.5267,Tinggi,2
Sulawesi Barat,2018,1817.0,False,1386565.0,83.0,True,131.0,3.1224999999999996,Sulawesi,Sulawesi Bagian Barat,4,11,-0.3332296696,-0.6025754122,-0.2503659983,-1.3353344532,,,,,,,,259.17,1.5783,Sedang,1
Sulawesi Barat,2019,1863.0,False,1402787.0,84.0,True,132.8,3.1224999999999996,Sulawesi,Sulawesi Bagian Barat,4,11,-0.3124752255,-0.6011034907,-0.2499899187,-1.3353344532,131.0,,131.9,1.8,1.37,Stabil,0.0,262.29,1.581,Sedang,1
Sulawesi Barat,2020,1704.0,False,1419200.0,85.0,False,120.1,3.1224999999999996,Sulawesi,Sulawesi Bagian Barat,4,11,-0.4589093592,-0.5996142386,-0.2496138392,-1.3353344532,132.8,131.0,128.0,-12.7,-9.56,Turun,-1.0,265.41,1.4129,Sedang,1
Sulawesi Barat,2021,1500.0,False,1436800.0,86.0,False,104.4,3.1224999999999996,Sulawesi,Sulawesi Bagian Barat,4,11,-0.6399342332,-0.5980172827,-0.2492377597,-1.3353344532,120.1,132.8,119.1,-15.7,-13.07,Turun,-1.0,268.53,1.214,Sedang,1
Sulawesi Barat,2022,2027.0,False,1458600.0,88.0,False,139.0,3.1224999999999996,Sulawesi,Sulawesi Bagian Barat,4,11,-0.2409876956,-0.5960392351,-0.2484856006,-1.3353344532,104.4,120.1,121.2,34.6,33.14,Naik,1.0,274.78,1.5795,Sedang,1
Sulawesi Barat,2023,2679.0,False,1481100.0,89.0,False,180.9,3.1224999999999996,Sulawesi,Sulawesi Bagian Barat,4,11,0.2421296432,-0.5939976722,-0.2481095211,-1.3353344532,139.0,104.4,141.4,41.9,30.14,Naik,1.0,277.9,2.0326,Sedang,1
Sulawesi Barat,2024,2882.0,False,1503200.0,91.0,False,191.7,2.85,Sulawesi,Sulawesi Bagian Barat,4,11,0.3666563081,-0.5919924037,-0.247357362,-1.6703491608,180.9,139.0,170.5,10.8,5.97,Naik,1.0,259.35,2.1066,Sedang,1
Sulawesi Selatan,2015,16088.0,False,8560834.0,183.0,True,187.9,3.1224999999999996,Sulawesi,Sulawesi Bagian Selatan,4,12,0.3228413705,0.0483899887,-0.212758045,-1.3353344532,,,,,,,,571.42,1.0268,Sedang,1
Sulawesi Selatan,2016,15071.0,False,8660996.0,185.2,True,174.0,3.1224999999999996,Sulawesi,Sulawesi Bagian Selatan,4,12,0.1625709406,0.0574783009,-0.2119306701,-1.3353344532,187.9,,181.0,-13.9,-7.4,Turun,-1.0,578.29,0.9395,Sedang,1
Sulawesi Selatan,2017,21616.0,False,8762330.0,187.3,True,246.7,3.1224999999999996,Sulawesi,Sulawesi Bagian Selatan,4,12,1.0008198794,0.0666729559,-0.211140903,-1.3353344532,174.0,187.9,202.9,72.7,41.78,Naik,1.0,584.84,1.3171,Tinggi,2
Sulawesi Selatan,2018,21498.0,False,8864849.0,189.5,True,242.5,3.1224999999999996,Sulawesi,Sulawesi Bagian Selatan,4,12,0.952392843,0.0759751331,-0.2103135281,-1.3353344532,246.7,174.0,221.1,-4.2,-1.7,Stabil,0.0,591.71,1.2797,Tinggi,2
Sulawesi Selatan,2019,16008.0,False,8968568.0,191.8,True,178.5,3.1224999999999996,Sulawesi,Sulawesi Bagian Selatan,4,12,0.214457051,0.0853861938,-0.2094485451,-1.3353344532,242.5,246.7,222.6,-64.0,-26.39,Turun,-1.0,598.9,0.9307,Sedang,1
Sulawesi Selatan,2020,12815.0,False,9073500.0,194.0,False,141.2,3.1224999999999996,Sulawesi,Sulawesi Bagian Selatan,4,12,-0.2156211528,0.0949073173,-0.2086211702,-1.3353344532,178.5,242.5,187.4,-37.3,-20.9,Turun,-1.0,605.76,0.7278,Sedang,1
Sulawesi Selatan,2021,14636.0,False,9139500.0,196.0,False,160.1,3.1224999999999996,Sulawesi,Sulawesi Bagian Selatan,4,12,0.0023005108,0.1008959018,-0.2078690111,-1.3353344532,141.2,178.5,159.9,18.9,13.39,Naik,1.0,612.01,0.8168,Sedang,1
Sulawesi Selatan,2022,28679.0,False,9225800.0,204.0,False,310.9,3.1224999999999996,Sulawesi,Sulawesi Bagian Selatan,4,12,1.7410617208,0.1087264298,-0.2048603749,-1.3353344532,160.1,141.2,204.1,150.8,94.19,Naik,1.0,636.99,1.524,Tinggi,2
Sulawesi Selatan,2023,41196.0,False,9362300.0,207.0,False,440.0,3.1224999999999996,Sulawesi,Sulawesi Bagian Selatan,4,12,3.2296165763,0.1211119115,-0.2037321363,-1.3353344532,310.9,160.1,303.7,129.1,41.52,Naik,1.0,646.36,2.1256,Berbahaya,3
Sulawesi Selatan,2024,39443.0,False,9463400.0,209.0,False,416.8,4.545,Sulawesi,Sulawesi Bagian Selatan,4,12,2.9621148517,0.1302853342,-0.2029799772,0.4135037909,440.0,310.9,389.2,-23.2,-5.27,Turun,-1.0,949.9,1.9943,Berbahaya,3
Sulawesi Tengah,2015,8988.0,False,2817004.0,45.3,True,319.1,3.1224999999999996,Sulawesi,Sulawesi Bagian Tengah,4,13,1.8356097441,-0.4727829138,-0.2645441966,-1.3353344532,,,,,,,,141.45,7.0442,Tinggi,2
Sulawesi Tengah,2016,9602.0,False,2849963.0,45.8,True,336.9,3.1224999999999996,Sulawesi,Sulawesi Bagian Tengah,4,13,2.0408481363,-0.4697923418,-0.2643561569,-1.3353344532,319.1,,328.0,17.8,5.58,Naik,1.0,143.01,7.3559,Tinggi,2
Sulawesi Tengah,2017,10240.0,False,2883307.0,46.4,True,355.1,3.1224999999999996,Sulawesi,Sulawesi Bagian Tengah,4,13,2.2506986272,-0.4667668363,-0.2641305091,-1.3353344532,336.9,319.1,337.0,18.2,5.4,Naik,1.0,144.88,7.653,Berbahaya,3
Sulawesi Tengah,2018,9379.0,False,2917042.0,46.9,True,321.5,3.1224999999999996,Sulawesi,Sulawesi Bagian Tengah,4,13,1.8632823363,-0.4637058529,-0.2639424694,-1.3353344532,355.1,336.9,337.8,-33.6,-9.46,Turun,-1.0,146.45,6.855,Tinggi,2
Sulawesi Tengah,2019,6265.0,False,2951171.0,47.4,True,212.3,3.1224999999999996,Sulawesi,Sulawesi Bagian Tengah,4,13,0.6041793912,-0.4606091196,-0.2637544296,-1.3353344532,321.5,355.1,296.3,-109.2,-33.97,Turun,-1.0,148.01,4.4789,Tinggi,2
Sulawesi Tengah,2020,5454.0,False,2985700.0,48.0,False,182.7,3.1224999999999996,Sulawesi,Sulawesi Bagian Tengah,4,13,0.2628840874,-0.4574760917,-0.2635287819,-1.3353344532,212.3,321.5,238.8,-29.6,-13.94,Turun,-1.0,149.88,3.8062,Sedang,1
Sulawesi Tengah,2021,5139.0,False,3021900.0,49.0,False,170.1,3.1224999999999996,Sulawesi,Sulawesi Bagian Tengah,4,13,0.1176029783,-0.4541914439,-0.2631527024,-1.3353344532,182.7,212.3,188.4,-12.6,-6.9,Turun,-1.0,153.0,3.4714,Sedang,1
Sulawesi Tengah,2022,5453.0,False,3066100.0,50.0,False,177.8,3.1224999999999996,Sulawesi,Sulawesi Bagian Tengah,4,13,0.2063858783,-0.4501809069,-0.2627766228,-1.3353344532,170.1,182.7,176.9,7.7,4.53,Naik,1.0,156.12,3.556,Sedang,1
Sulawesi Tengah,2023,8944.0,False,3086800.0,50.0,False,289.7,3.1224999999999996,Sulawesi,Sulawesi Bagian Tengah,4,13,1.4966204897,-0.4483026691,-0.2627766228,-1.3353344532,177.8,170.1,212.5,111.9,62.94,Naik,1.0,156.12,5.794,Tinggi,2
Sulawesi Tengah,2024,9623.0,False,3121800.0,51.0,False,308.3,3.045,Sulawesi,Sulawesi Bagian Tengah,4,13,1.7110830792,-0.4451269045,-0.2624005433,-1.4306138654,289.7,177.8,258.6,18.6,6.42,Naik,1.0,155.29,6.0451,Tinggi,2
Sulawesi Tenggara,2015,3655.0,False,2476589.0,65.1,True,147.6,3.1224999999999996,Sulawesi,Sulawesi Bagian Selatan,4,12,-0.1418275736,-0.5036708534,-0.2570978219,-1.3353344532,,,,,,,,203.27,2.2673,Sedang,1
Sulawesi Tenggara,2016,3756.0,False,2505566.0,65.9,True,149.9,3.1224999999999996,Sulawesi,Sulawesi Bagian Selatan,4,12,-0.1153080061,-0.5010415925,-0.2567969583,-1.3353344532,147.6,,148.8,2.3,1.56,Stabil,0.0,205.77,2.2747,Sedang,1
Sulawesi Tenggara,2017,2866.0,False,2534881.0,66.6,True,113.1,3.1224999999999996,Sulawesi,Sulawesi Bagian Selatan,4,12,-0.5396210865,-0.4983816629,-0.2565337026,-1.3353344532,149.9,147.6,136.9,-36.8,-24.55,Turun,-1.0,207.96,1.6982,Sedang,1
Sulawesi Tenggara,2018,1263.0,False,2564539.0,67.4,True,49.2,3.1224999999999996,Sulawesi,Sulawesi Bagian Selatan,4,12,-1.2764038538,-0.4956906108,-0.256232839,-1.3353344532,113.1,149.9,104.1,-63.9,-56.5,Turun,-1.0,210.46,0.73,Rendah,0
Sulawesi Tenggara,2019,1213.0,False,2594544.0,68.2,True,46.8,3.1224999999999996,Sulawesi,Sulawesi Bagian Selatan,4,12,-1.304076446,-0.4929680732,-0.2559319753,-1.3353344532,49.2,113.1,69.7,-2.4,-4.88,Stabil,0.0,212.95,0.6862,Rendah,0
Sulawesi Tenggara,2020,2148.0,False,2624900.0,69.0,False,81.8,3.1224999999999996,Sulawesi,Sulawesi Bagian Selatan,4,12,-0.9005178098,-0.4902136873,-0.2556311117,-1.3353344532,46.8,49.2,59.3,35.0,74.79,Naik,1.0,215.45,1.1855,Rendah,0
Sulawesi Tenggara,2021,2431.0,False,2659200.0,70.0,False,91.4,3.1224999999999996,Sulawesi,Sulawesi Bagian Selatan,4,12,-0.789827441,-0.487101438,-0.2552550322,-1.3353344532,81.8,46.8,73.3,9.6,11.74,Naik,1.0,218.57,1.3057,Rendah,0
Sulawesi Tenggara,2022,3828.0,False,2701700.0,75.0,False,141.7,3.1224999999999996,Sulawesi,Sulawesi Bagian Selatan,4,12,-0.2098560294,-0.4832451525,-0.2533746345,-1.3353344532,91.4,81.8,105.0,50.3,55.03,Naik,1.0,234.19,1.8893,Sedang,1
Sulawesi Tenggara,2023,6276.0,False,2749000.0,76.0,False,228.3,3.1224999999999996,Sulawesi,Sulawesi Bagian Selatan,4,12,0.7886633392,-0.4789533336,-0.252998555,-1.3353344532,141.7,91.4,153.8,86.6,61.12,Naik,1.0,237.31,3.0039,Tinggi,2
Sulawesi Tenggara,2024,5939.0,False,2793100.0,77.0,False,212.6,3.155,Sulawesi,Sulawesi Bagian Selatan,4,12,0.6076384652,-0.4749518703,-0.2526224755,-1.2953785706,228.3,141.7,194.2,-15.7,-6.88,Turun,-1.0,242.93,2.761,Tinggi,2
Sulawesi Utara,2015,7837.0,False,2473759.0,178.3,True,316.8,3.1224999999999996,Sulawesi,Sulawesi Bagian Utara,4,14,1.8090901766,-0.5039276366,-0.2145256188,-1.3353344532,,,,,,,,556.74,1.7768,Tinggi,2
Sulawesi Utara,2016,9923.0,False,2502702.0,180.4,True,396.5,3.1224999999999996,Sulawesi,Sulawesi Bagian Utara,4,14,2.7280508426,-0.5013014608,-0.2137358518,-1.3353344532,316.8,,356.6,79.7,25.16,Naik,1.0,563.3,2.1979,Berbahaya,3
Sulawesi Utara,2017,7981.0,False,2531984.0,182.5,True,315.2,3.1224999999999996,Sulawesi,Sulawesi Bagian Utara,4,14,1.7906417818,-0.4986445255,-0.2129460848,-1.3353344532,396.5,316.8,342.8,-81.3,-20.5,Turun,-1.0,569.86,1.7271,Tinggi,2
Sulawesi Utara,2018,10247.0,False,2561608.0,184.7,True,400.0,3.1224999999999996,Sulawesi,Sulawesi Bagian Utara,4,14,2.7684067063,-0.4959565584,-0.2121187098,-1.3353344532,315.2,396.5,370.6,84.8,26.9,Naik,1.0,576.73,2.1657,Berbahaya,3
Sulawesi Utara,2019,7425.0,False,2591579.0,186.8,True,286.5,3.1224999999999996,Sulawesi,Sulawesi Bagian Utara,4,14,1.4597237001,-0.4932371058,-0.2113289428,-1.3353344532,400.0,315.2,333.9,-113.5,-28.38,Turun,-1.0,583.28,1.5337,Tinggi,2
Sulawesi Utara,2020,6274.0,False,2621900.0,189.0,False,239.3,3.1224999999999996,Sulawesi,Sulawesi Bagian Utara,4,14,0.9154960534,-0.4904858957,-0.2105015678,-1.3353344532,286.5,400.0,308.6,-47.2,-16.47,Turun,-1.0,590.15,1.2661,Tinggi,2
Sulawesi Utara,2021,6215.0,False,2638600.0,190.0,False,235.5,3.1224999999999996,Sulawesi,Sulawesi Bagian Utara,4,14,0.8716811158,-0.4889706023,-0.2101254883,-1.3353344532,239.3,286.5,253.8,-3.8,-1.59,Stabil,0.0,593.28,1.2395,Tinggi,2
Sulawesi Utara,2022,9618.0,False,2659500.0,183.0,False,361.6,3.1224999999999996,Sulawesi,Sulawesi Bagian Utara,4,14,2.325645231,-0.4870742172,-0.212758045,-1.3353344532,235.5,239.3,278.8,126.1,53.55,Naik,1.0,571.42,1.976,Berbahaya,3
Sulawesi Utara,2023,14265.0,False,2681500.0,185.0,False,532.0,3.1224999999999996,Sulawesi,Sulawesi Bagian Utara,4,14,4.2903992773,-0.4850780223,-0.212005886,-1.3353344532,361.6,235.5,376.4,170.4,47.12,Naik,1.0,577.66,2.8757,Berbahaya,3
Sulawesi Utara,2024,13078.0,False,2701800.0,186.0,False,484.0,5.915,Sulawesi,Sulawesi Bagian Utara,4,14,3.7369474333,-0.4832360789,-0.2116298064,2.0977979171,532.0,361.6,459.2,-48.0,-9.02,Turun,-1.0,1100.19,2.6022,Berbahaya,3
Sumatera Barat,2015,16277.0,False,5221793.0,124.5,True,311.7,4.24,Sumatera,Sumatera Bagian Tengah,5,16,1.7502859182,-0.2545816678,-0.2347586977,0.0385332008,,,,,,,,527.88,2.5036,Tinggi,2
Sumatera Barat,2016,14921.0,False,5282888.0,126.0,True,282.4,4.24,Sumatera,Sumatera Bagian Tengah,5,16,1.4124496884,-0.2490381439,-0.2341945784,0.0385332008,311.7,,297.0,-29.3,-9.4,Turun,-1.0,534.24,2.2413,Tinggi,2
Sumatera Barat,2017,13205.0,False,5344698.0,127.5,True,247.1,4.24,Sumatera,Sumatera Bagian Tengah,5,16,1.0054319781,-0.2434297438,-0.2336304591,0.0385332008,282.4,311.7,280.4,-35.3,-12.5,Turun,-1.0,540.6,1.938,Tinggi,2
Sumatera Barat,2018,12953.0,False,5407231.0,129.0,True,239.5,4.24,Sumatera,Sumatera Bagian Tengah,5,16,0.9178021028,-0.2377557414,-0.2330663398,0.0385332008,247.1,282.4,256.3,-7.6,-3.08,Turun,-1.0,546.96,1.8566,Tinggi,2
Sumatera Barat,2019,11064.0,False,5470495.0,130.5,True,202.2,4.24,Sumatera,Sumatera Bagian Tengah,5,16,0.487723899,-0.2320154109,-0.2325022205,0.0385332008,239.5,247.1,229.6,-37.3,-15.57,Turun,-1.0,553.32,1.5494,Tinggi,2
Sumatera Barat,2020,7992.0,False,5534500.0,132.0,False,144.4,4.24,Sumatera,Sumatera Bagian Tengah,5,16,-0.1787243632,-0.2262078449,-0.2319381012,0.0385332008,202.2,239.5,195.4,-57.8,-28.59,Turun,-1.0,559.68,1.0939,Sedang,1
Sumatera Barat,2021,5666.0,False,5580200.0,133.0,False,101.5,4.24,Sumatera,Sumatera Bagian Tengah,5,16,-0.6733719488,-0.2220612038,-0.2315620216,0.0385332008,144.4,202.2,149.4,-42.9,-29.71,Turun,-1.0,563.92,0.7632,Sedang,1
Sumatera Barat,2022,7691.0,False,5640600.0,134.0,False,136.4,4.24,Sumatera,Sumatera Bagian Tengah,5,16,-0.2709663372,-0.2165807416,-0.2311859421,0.0385332008,101.5,144.4,127.4,34.9,34.38,Naik,1.0,568.16,1.0179,Sedang,1
Sumatera Barat,2023,12722.0,False,5757200.0,137.0,False,221.0,4.24,Sumatera,Sumatera Bagian Tengah,5,16,0.7044925379,-0.2060009089,-0.2300577035,0.0385332008,136.4,101.5,153.0,84.6,62.02,Naik,1.0,580.88,1.6131,Tinggi,2
Sumatera Barat,2024,13099.0,False,5836200.0,139.0,False,224.4,5.77,Sumatera,Sumatera Bagian Tengah,5,16,0.7436953769,-0.1988327547,-0.2293055445,1.9195332103,221.0,136.4,193.9,3.4,1.54,Stabil,0.0,802.03,1.6144,Tinggi,2
Sumatera Selatan,2015,20575.0,False,7988980.0,86.8,True,257.5,4.24,Sumatera,Sumatera Bagian Selatan,5,15,1.1253465443,-0.0034978298,-0.248936896,0.0385332008,,,,,,,,368.03,2.9666,Tinggi,2
Sumatera Selatan,2016,9124.0,False,8082451.0,87.8,True,112.9,4.24,Sumatera,Sumatera Bagian Selatan,5,15,-0.5419271358,0.0049833669,-0.2485608165,0.0385332008,257.5,,185.2,-144.6,-56.16,Turun,-1.0,372.27,1.2859,Sedang,1
Sumatera Selatan,2017,15728.0,False,8177016.0,88.8,True,192.3,4.24,Sumatera,Sumatera Bagian Selatan,5,15,0.3735744562,0.013563829,-0.248184737,0.0385332008,112.9,257.5,187.6,79.4,70.33,Naik,1.0,376.51,2.1655,Sedang,1
Sumatera Selatan,2018,13558.0,False,8272687.0,89.9,True,163.9,4.24,Sumatera,Sumatera Bagian Selatan,5,15,0.0461154485,0.0222446452,-0.2477710495,0.0385332008,192.3,112.9,156.4,-28.4,-14.77,Turun,-1.0,381.18,1.8231,Sedang,1
Sumatera Selatan,2019,12861.0,False,8369477.0,90.9,True,153.7,4.24,Sumatera,Sumatera Bagian Selatan,5,15,-0.0714930684,0.0310269952,-0.24739497,0.0385332008,163.9,192.3,170.0,-10.2,-6.22,Turun,-1.0,385.42,1.6909,Sedang,1
Sumatera Selatan,2020,12189.0,False,8467400.0,92.0,False,144.0,4.24,Sumatera,Sumatera Bagian Selatan,5,15,-0.1833364619,0.0399121492,-0.2469812825,0.0385332008,153.7,163.9,153.9,-9.7,-6.31,Turun,-1.0,390.08,1.5652,Sedang,1
Sumatera Selatan,2021,13037.0,False,8550900.0,93.0,False,152.5,4.24,Sumatera,Sumatera Bagian Selatan,5,15,-0.0853293645,0.047488616,-0.2466052029,0.0385332008,144.0,153.7,150.1,8.5,5.9,Naik,1.0,394.32,1.6398,Sedang,1
Sumatera Selatan,2022,11453.0,False,8657000.0,100.0,False,132.3,4.24,Sumatera,Sumatera Bagian Selatan,5,15,-0.3182403489,0.0571157194,-0.2439726462,0.0385332008,152.5,144.0,142.9,-20.2,-13.25,Turun,-1.0,424.0,1.323,Sedang,1
Sumatera Selatan,2023,21335.0,False,8743500.0,101.0,False,244.0,4.24,Sumatera,Sumatera Bagian Selatan,5,15,0.9696882132,0.0649643946,-0.2435965667,0.0385332008,132.3,152.5,176.3,111.7,84.43,Naik,1.0,428.24,2.4158,Tinggi,2
Sumatera Selatan,2024,25154.0,False,8837300.0,102.0,False,284.6,3.915,Sumatera,Sumatera Bagian Selatan,5,15,1.4378162312,0.0734754435,-0.2432204871,-0.3610256247,244.0,132.3,220.3,40.6,16.64,Naik,1.0,399.33,2.7902,Tinggi,2
Sumatera Utara,2015,35248.0,False,13963213.0,191.5,True,252.4,4.24,Sumatera,Sumatera Bagian Utara,5,17,1.0665422859,0.5385809492,-0.209561369,0.0385332008,,,,,,,,811.96,1.318,Tinggi,2
Sumatera Utara,2016,37102.0,False,14126582.0,193.8,True,262.6,4.24,Sumatera,Sumatera Bagian Utara,5,17,1.1841508027,0.5534044199,-0.2086963861,0.0385332008,252.4,,257.5,10.2,4.04,Naik,1.0,821.71,1.355,Tinggi,2
Sumatera Utara,2017,39867.0,False,14291863.0,196.0,True,278.9,4.24,Sumatera,Sumatera Bagian Utara,5,17,1.3720938248,0.5684013781,-0.2078690111,0.0385332008,262.6,252.4,264.6,16.3,6.21,Naik,1.0,831.04,1.423,Tinggi,2
Sumatera Utara,2018,32922.0,False,14459078.0,198.3,True,227.7,4.24,Sumatera,Sumatera Bagian Utara,5,17,0.7817451911,0.58357382,-0.2070040282,0.0385332008,278.9,262.6,256.4,-51.2,-18.36,Turun,-1.0,840.79,1.1483,Tinggi,2
Sumatera Utara,2019,30831.0,False,14628249.0,200.7,True,210.8,4.24,Sumatera,Sumatera Bagian Utara,5,17,0.5868840211,0.5989237418,-0.2061014373,0.0385332008,227.7,278.9,239.1,-16.9,-7.42,Turun,-1.0,850.97,1.0503,Tinggi,2
Sumatera Utara,2020,32990.0,False,14799400.0,203.0,False,222.9,4.24,Sumatera,Sumatera Bagian Utara,5,17,0.7264000067,0.6144533211,-0.2052364544,0.0385332008,210.8,227.7,220.5,12.1,5.74,Naik,1.0,860.72,1.098,Tinggi,2
Sumatera Utara,2021,36534.0,False,14936200.0,205.0,False,244.6,4.24,Sumatera,Sumatera Bagian Utara,5,17,0.9766063612,0.6268660236,-0.2044842953,0.0385332008,222.9,210.8,226.1,21.7,9.74,Naik,1.0,869.2,1.1932,Tinggi,2
Sumatera Utara,2022,43555.0,False,15115200.0,209.0,False,288.2,4.24,Sumatera,Sumatera Bagian Utara,5,17,1.4793251195,0.6431077908,-0.2029799772,0.0385332008,244.6,222.9,251.9,43.6,17.83,Naik,1.0,886.16,1.3789,Tinggi,2
Sumatera Utara,2023,62278.0,False,15386600.0,212.0,False,404.8,4.24,Sumatera,Sumatera Bagian Utara,5,17,2.8237518907,0.6677335763,-0.2018517386,0.0385332008,288.2,244.6,312.5,116.6,40.46,Naik,1.0,898.88,1.9094,Berbahaya,3
Sumatera Utara,2024,60724.0,False,15588500.0,215.0,False,389.5,5.35,Sumatera,Sumatera Bagian Utara,5,17,2.6473391154,0.6860532009,-0.2007235,1.4031802665,404.8,288.2,360.8,-15.3,-3.78,Turun,-1.0,1150.25,1.8116,Berbahaya,3
