provinsi,tahun,pulau,region,pulau_enc,region_enc,crime_rate_per100k_scaled,population_scaled,population_density_scaled,unemployment_rate_scaled
Aceh,2015,Sumatera,Sumatera Bagian Utara,5,17,0.03321973838014044,-0.27239122749732037,-0.249919843657095,0.03853320081148591
Aceh,2016,Sumatera,Sumatera Bagian Utara,5,17,0.3803262097103118,-0.2671154314473087,-0.24954370201029863,0.03853320081148591
Aceh,2017,Sumatera,Sumatera Bagian Utara,5,17,0.18065292185482876,-0.26177793388928455,-0.2491675603635023,0.03853320081148591
Aceh,2018,Sumatera,Sumatera Bagian Utara,5,17,0.12841281747403377,-0.2563779193848161,-0.24879141871670596,0.03853320081148591
Aceh,2019,Sumatera,Sumatera Bagian Utara,5,17,-0.1780624615599637,-0.2509147537040118,-0.2484152770699096,0.03853320081148591
Aceh,2020,Sumatera,Sumatera Bagian Utara,5,17,-0.13975305168071386,-0.24538762140843975,-0.2480015212584336,0.03853320081148591
Aceh,2021,Sumatera,Sumatera Bagian Utara,5,17,-0.39631000875084055,-0.24006009032013864,-0.24762537961163728,0.03853320081148591
Aceh,2022,Sumatera,Sumatera Bagian Utara,5,17,0.3315687789549032,-0.2333372534706158,-0.24649695467124821,0.03853320081148591
Aceh,2023,Sumatera,Sumatera Bagian Utara,5,17,0.7854772414635887,-0.22657817491300924,-0.24612081302445188,0.03853320081148591
Aceh,2024,Sumatera,Sumatera Bagian Utara,5,17,0.6496529700735217,-0.2200274861768839,-0.24536852973085918,1.7781508566735715
Bali,2015,Bali Nusra,Bali,0,0,-0.41024070325238593,-0.3542431252043142,-0.01712577845483598,-1.4674962185744203
Bali,2016,Bali Nusra,Bali,0,0,-0.5019511087208928,-0.3499250162904138,-0.014041416951105919,-1.4674962185744203
Bali,2017,Bali Nusra,Bali,0,0,-0.8444140152172156,-0.34555635019373665,-0.010881827118016616,-1.4674962185744203
Bali,2018,Bali Nusra,Bali,0,0,-0.9605031360634267,-0.34113649268439133,-0.007722237284927311,-1.4674962185744203
Bali,2019,Bali Nusra,Bali,0,0,-1.0150650228611457,-0.33666499074102674,-0.00448741912247872,-1.4674962185744203
Bali,2020,Bali Nusra,Bali,0,0,-1.1450848382089023,-0.3321412101337515,-0.0012526009600301292,-1.4674962185744203
Bali,2021,Bali Nusra,Bali,0,0,-1.2042902898404702,-0.3280368366932746,0.001756532214340645,-1.4674962185744203
Bali,2022,Bali Nusra,Bali,0,0,-0.18618870001919832,-0.32328917293431236,0.014921489852212783,-1.4674962185744203
Bali,2023,Bali Nusra,Bali,0,0,1.2974302643953801,-0.32426769905257175,0.014169206558620088,-1.4674962185744203
Bali,2024,Bali Nusra,Bali,0,0,1.7826827895325421,-0.32164017521650484,0.016049914792601823,-2.9243491671232342
Banten,2015,Jawa,Jawa Bagian Barat,1,1,-1.3273447579374538,0.29434863033950676,0.15499663911917236,1.4062537959680732
Banten,2016,Jawa,Jawa Bagian Barat,1,1,-1.3772630799013246,0.30625529990477895,0.16011216551560264,1.4062537959680732
Banten,2017,Jawa,Jawa Bagian Barat,1,1,-1.4712952677867557,0.3183013188376329,0.1652653060767126,1.4062537959680732
Banten,2018,Jawa,Jawa Bagian Barat,1,1,-1.8439413457030933,0.33048822741066214,0.17053128913186147,1.4062537959680732
Banten,2019,Jawa,Jawa Bagian Barat,1,1,-1.5200526985421643,0.3428177471050007,0.17583488635168992,1.4062537959680732
Banten,2020,Jawa,Jawa Bagian Barat,1,1,-1.4295031842821195,0.35529150879751226,0.18117609773619806,1.4062537959680732
Banten,2021,Jawa,Jawa Bagian Barat,1,1,-1.5130873512913916,0.3695073187933362,0.1871943640849396,1.4062537959680732
Banten,2022,Jawa,Jawa Bagian Barat,1,1,-1.3668150590251658,0.3867674322681893,0.2105151461863131,1.4062537959680732
Banten,2023,Jawa,Jawa Bagian Barat,1,1,-1.1462457294173645,0.39181409011884194,0.21277199606709118,1.4062537959680732
Banten,2024,Jawa,Jawa Bagian Barat,1,1,-1.203129398632008,0.4030218383437203,0.21766183747544368,3.247297922931659
Bengkulu,2015,Sumatera,Sumatera Bagian Selatan,5,15,0.8876356678082546,-0.5514313595509766,-0.24638411217720935,0.03853320081148591
Bengkulu,2016,Sumatera,Sumatera Bagian Selatan,5,15,0.17949203064636673,-0.549420307169413,-0.24597035636573333,0.03853320081148591
Bengkulu,2017,Sumatera,Sumatera Bagian Selatan,5,15,1.0664129139114196,-0.5473857882818655,-0.24555660055425735,0.03853320081148591
Bengkulu,2018,Sumatera,Sumatera Bagian Selatan,5,15,0.15859598889404858,-0.5453273498669826,-0.2451052305781017,0.03853320081148591
Bengkulu,2019,Sumatera,Sumatera Bagian Selatan,5,15,0.1725266833955938,-0.5432449013204942,-0.24469147476662578,0.03853320081148591
Bengkulu,2020,Sumatera,Sumatera Bagian Selatan,5,15,0.08081627792708726,-0.5411380802253196,-0.24424010479047015,0.03853320081148591
Bengkulu,2021,Sumatera,Sumatera Bagian Selatan,5,15,0.15046975043481395,-0.5391266654266753,-0.24386396314367378,0.03853320081148591
Bengkulu,2022,Sumatera,Sumatera Bagian Selatan,5,15,0.19226183393944987,-0.536662229276985,-0.24386396314367378,0.03853320081148591
Bengkulu,2023,Sumatera,Sumatera Bagian Selatan,5,15,1.2602817457245918,-0.5343155786785667,-0.2431116798500811,0.03853320081148591
Bengkulu,2024,Sumatera,Sumatera Bagian Selatan,5,15,1.0815044996214271,-0.5319417467990856,-0.24273553820328475,-1.3138197472085114
DI Yogyakarta,2015,Jawa,Jawa Bagian Tengah,1,2,1.4065540379908181,-0.4096972875773164,0.13333088026370274,1.4062537959680732
DI Yogyakarta,2016,Jawa,Jawa Bagian Tengah,1,2,0.92362329527058,-0.4060279052381139,0.13822072167205524,1.4062537959680732
DI Yogyakarta,2017,Jawa,Jawa Bagian Tengah,1,2,0.5324029580188483,-0.40231566707910243,0.14311056308040773,1.4062537959680732
DI Yogyakarta,2018,Jawa,Jawa Bagian Tengah,1,2,0.33621234378875176,-0.39855993887039054,0.14811324698279915,1.4062537959680732
DI Yogyakarta,2019,Jawa,Jawa Bagian Tengah,1,2,0.28513313061641876,-0.3947602675906272,0.15315354504987022,1.4062537959680732
DI Yogyakarta,2020,Jawa,Jawa Bagian Tengah,1,2,0.5997346481096508,-0.39091620021846135,0.1582314572816209,1.4062537959680732
DI Yogyakarta,2021,Jawa,Jawa Bagian Tengah,1,2,-0.35103525162081833,-0.3869114914752146,0.16349744033676974,1.4062537959680732
DI Yogyakarta,2022,Jawa,Jawa Bagian Tengah,1,2,1.4239674061177499,-0.38247188223496364,0.1638735819835661,1.4062537959680732
DI Yogyakarta,2023,Jawa,Jawa Bagian Tengah,1,2,1.903415475212602,-0.3847732306982774,0.16086444880919532,1.4062537959680732
DI Yogyakarta,2024,Jawa,Jawa Bagian Tengah,1,2,1.755982291737914,-0.38268933248346576,0.1638735819835661,-1.0433491576045113
DKI Jakarta,2015,Jawa,Jawa Bagian Barat,1,1,3.3359552264548467,0.17958500329183064,5.362978652332031,1.4062537959680732
DKI Jakarta,2016,Jawa,Jawa Bagian Barat,1,1,3.2047745198986286,0.19014900817687264,5.4290291255094685,1.4062537959680732
DKI Jakarta,2017,Jawa,Jawa Bagian Barat,1,1,2.1135367839442436,0.2008365066822098,5.49586949614518,1.4062537959680732
DKI Jakarta,2018,Jawa,Jawa Bagian Barat,1,1,2.0543313323126764,0.21164912968470584,5.563462150074484,1.4062537959680732
DKI Jakarta,2019,Jawa,Jawa Bagian Barat,1,1,1.7072248609825047,0.22258823624841395,5.631844701462059,1.4062537959680732
DKI Jakarta,2020,Jawa,Jawa Bagian Barat,1,1,1.0780218259960406,0.23365527604165745,5.7010547644725875,1.4062537959680732
DKI Jakarta,2021,Jawa,Jawa Bagian Barat,1,1,1.340383239108478,0.23796803930361551,5.727760821395128,1.4062537959680732
DKI Jakarta,2022,Jawa,Jawa Bagian Barat,1,1,1.7002595137317325,0.24433751949932248,5.79546631781847,1.4062537959680732
DKI Jakarta,2023,Jawa,Jawa Bagian Barat,1,1,7.666079434018523,0.24362174576466977,5.790952618056914,1.4062537959680732
DKI Jakarta,2024,Jawa,Jawa Bagian Barat,1,1,6.550462982686434,0.24478148042334755,5.7980993093460444,2.3498273301547528
Gorontalo,2015,Sulawesi,Sulawesi Bagian Utara,4,14,1.696776840106346,-0.6231533374315007,-0.24533091556617953,-1.3353344531997386
Gorontalo,2016,Sulawesi,Sulawesi Bagian Utara,4,14,2.0624575707719113,-0.6219813711963447,-0.24487954559002395,-1.3353344531997386
Gorontalo,2017,Sulawesi,Sulawesi Bagian Utara,4,14,1.3357396742746293,-0.6207958143206572,-0.24446578977854796,-1.3353344531997386
Gorontalo,2018,Sulawesi,Sulawesi Bagian Utara,4,14,1.0315861776575561,-0.6195963043873576,-0.24401441980239233,-1.3353344531997386
Gorontalo,2019,Sulawesi,Sulawesi Bagian Utara,4,14,0.5289202843934622,-0.6183827507921755,-0.24356304982623672,-1.3353344531997386
Gorontalo,2020,Sulawesi,Sulawesi Bagian Utara,4,14,0.6508138612819838,-0.6171550629308408,-0.2431116798500811,-1.3353344531997386
Gorontalo,2021,Sulawesi,Sulawesi Bagian Utara,4,14,0.559103455813477,-0.6163124432178952,-0.24273553820328475,-1.3353344531997386
Gorontalo,2022,Sulawesi,Sulawesi Bagian Utara,4,14,0.5776777151488707,-0.6152523732564475,-0.24499238808406285,-1.3353344531997386
Gorontalo,2023,Sulawesi,Sulawesi Bagian Utara,4,14,1.5760441544262866,-0.6133949857171589,-0.24424010479047015,-1.3353344531997386
Gorontalo,2024,Sulawesi,Sulawesi Bagian Utara,4,14,1.2927866995615311,-0.6120721633721046,-0.24386396314367378,-1.3752903357548747
Jambi,2015,Sumatera,Sumatera Bagian Tengah,5,16,1.8198313082033302,-0.41999817766167086,-0.25702892078154593,0.03853320081148591
Jambi,2016,Sumatera,Sumatera Bagian Tengah,5,16,0.17949203064636673,-0.4164493896061168,-0.25672800746410884,0.03853320081148591
Jambi,2017,Sumatera,Sumatera Bagian Tengah,5,16,1.3856579962385,-0.4128590141905367,-0.25642709414667175,0.03853320081148591
Jambi,2018,Sumatera,Sumatera Bagian Tengah,5,16,0.2700415449064112,-0.40922668899784975,-0.2561261808292347,0.03853320081148591
Jambi,2019,Sumatera,Sumatera Bagian Tengah,5,16,0.4232791844234101,-0.40555187040243473,-0.2558252675117976,0.03853320081148591
Jambi,2020,Sumatera,Sumatera Bagian Tengah,5,16,-0.30343871207387185,-0.4018340147786703,-0.25552435419436054,0.03853320081148591
Jambi,2021,Sumatera,Sumatera Bagian Tengah,5,16,-0.6459016185701945,-0.3984907172079507,-0.2551482125475642,0.03853320081148591
Jambi,2022,Sumatera,Sumatera Bagian Tengah,5,16,-0.13046592201301718,-0.39432292077832737,-0.2543959292539715,0.03853320081148591
Jambi,2023,Sumatera,Sumatera Bagian Tengah,5,16,0.5010588953903714,-0.38996485538126474,-0.25401978760717514,0.03853320081148591
Jambi,2024,Sumatera,Sumatera Bagian Tengah,5,16,0.5231158283511516,-0.38587860279482966,-0.2536436459603788,0.31515084927012116
Jawa Barat,2015,Jawa,Jawa Bagian Barat,1,1,-1.1357977085412054,3.403403900742052,0.20220241579211387,1.4062537959680732
Jawa Barat,2016,Jawa,Jawa Bagian Barat,1,1,-1.1044536459127285,3.4516865539194552,0.20784454049405907,1.4062537959680732
Jawa Barat,2017,Jawa,Jawa Bagian Barat,1,1,-1.2170600931335533,3.5005340341173428,0.21359950769004316,1.4062537959680732
Jawa Barat,2018,Jawa,Jawa Bagian Barat,1,1,-1.444594769992127,3.5499531366559802,0.21939208905070684,1.4062537959680732
Jawa Barat,2019,Jawa,Jawa Bagian Barat,1,1,-1.5246962633760128,3.5999503850428223,0.2252598987407299,1.4062537959680732
Jawa Barat,2020,Jawa,Jawa Bagian Barat,1,1,-1.5734536941314212,3.6505325745981354,0.23120293676011217,1.4062537959680732
Jawa Barat,2021,Jawa,Jawa Bagian Barat,1,1,-1.6651640995999282,3.6965776647184523,0.23646891981526102,1.4062537959680732
Jawa Barat,2022,Jawa,Jawa Bagian Barat,1,1,-1.150889294251213,3.7530603667668694,0.2195425457094254,1.4062537959680732
Jawa Barat,2023,Jawa,Jawa Bagian Barat,1,1,-0.7805649987517995,3.7942400075769522,0.22405624547098157,1.4062537959680732
Jawa Barat,2024,Jawa,Jawa Bagian Barat,1,1,-0.9755947217734342,3.8381740182013946,0.2289460868793341,3.2227096875131145
Jawa Tengah,2015,Jawa,Jawa Bagian Tengah,1,2,-1.306448716185136,2.398254170703038,0.11275593218394254,1.4062537959680732
Jawa Tengah,2016,Jawa,Jawa Bagian Tengah,1,2,-1.3656541678167036,2.4347765708158273,0.11738247443953767,1.4062537959680732
Jawa Tengah,2017,Jawa,Jawa Bagian Tengah,1,2,-1.4480774436175134,2.471726260666923,0.12204663085981232,1.4062537959680732
Jawa Tengah,2018,Jawa,Jawa Bagian Tengah,1,2,-1.5467531963367929,2.5091082234911872,0.12678601560944636,1.4062537959680732
Jawa Tengah,2019,Jawa,Jawa Bagian Tengah,1,2,-1.5119264600829296,2.5469276237320213,0.13156301452375987,1.4062537959680732
Jawa Tengah,2020,Jawa,Jawa Bagian Tengah,1,2,-1.5038002216236945,2.5851894446242865,0.13641524176743278,1.4062537959680732
Jawa Tengah,2021,Jawa,Jawa Bagian Tengah,1,2,-1.5630056732552626,2.605711311826671,0.1390482332950072,1.4062537959680732
Jawa Tengah,2022,Jawa,Jawa Bagian Tengah,1,2,-0.901297684431859,2.631977489760319,0.12325028412956066,1.4062537959680732
Jawa Tengah,2023,Jawa,Jawa Bagian Tengah,1,2,-0.5356169537662939,2.6780588215887198,0.12889240883150585,1.4062537959680732
Jawa Tengah,2024,Jawa,Jawa Bagian Tengah,1,2,-0.5739263636455436,2.7098881017132124,0.13302996694626568,0.46268026178139365
Jawa Timur,2015,Jawa,Jawa Bagian Timur,1,3,-1.8439413457030933,2.7529912711798366,0.019773717095885646,1.4062537959680732
Jawa Timur,2016,Jawa,Jawa Bagian Timur,1,3,-1.6814165765183977,2.793664071702369,0.0233094485757713,1.4062537959680732
Jawa Timur,2017,Jawa,Jawa Bagian Timur,1,3,-0.9895254162749795,2.83481272585204,0.02688279422033659,1.4062537959680732
Jawa Timur,2018,Jawa,Jawa Bagian Timur,1,3,-1.0754313657011756,2.876442851093603,0.03049375402958153,1.4062537959680732
Jawa Timur,2019,Jawa,Jawa Bagian Timur,1,3,-1.0649833448250168,2.9185600648918104,0.034179942168185755,1.4062537959680732
Jawa Timur,2020,Jawa,Jawa Bagian Timur,1,3,-1.340114561230537,2.9611699847114155,0.03786613030678993,1.4062537959680732
Jawa Timur,2021,Jawa,Jawa Bagian Timur,1,3,-1.297161586517439,2.9804777546929966,0.03937069689397532,1.4062537959680732
Jawa Timur,2022,Jawa,Jawa Bagian Timur,1,3,-0.3800575318323711,3.0050496327737326,0.04012298018756801,1.4062537959680732
Jawa Timur,2023,Jawa,Jawa Bagian Timur,1,3,0.021610826295519327,3.0392889864857904,0.04313211336193879,1.4062537959680732
Jawa Timur,2024,Jawa,Jawa Bagian Timur,1,3,-0.1757406791430396,3.0652561703277477,0.04501282159592052,-0.2995550361935137
Kalimantan Barat,2015,Kalimantan,Kalimantan Bagian Barat,2,4,-0.3289783186600381,-0.26046607466092553,-0.26910306764370867,-0.20120209451933205
Kalimantan Barat,2016,Kalimantan,Kalimantan Bagian Barat,2,4,-0.2012802857292059,-0.25505074803479166,-0.2689526109849901,-0.20120209451933205
Kalimantan Barat,2017,Kalimantan,Kalimantan Bagian Barat,2,4,-0.5077555647632034,-0.24957208902378158,-0.2688021543262716,-0.20120209451933205
Kalimantan Barat,2018,Kalimantan,Kalimantan Bagian Barat,2,4,-0.568121907603233,-0.2440292821894634,-0.26865169766755304,-0.20120209451933205
Kalimantan Barat,2019,Kalimantan,Kalimantan Bagian Barat,2,4,-0.8200352998395112,-0.2384216026976754,-0.26846362684415487,-0.20120209451933205
Kalimantan Barat,2020,Kalimantan,Kalimantan Bagian Barat,2,4,-1.0162259140696082,-0.23274832571425597,-0.2683131701854363,-0.20120209451933205
Kalimantan Barat,2021,Kalimantan,Kalimantan Bagian Barat,2,4,-0.984881851441131,-0.22763824487445694,-0.2683131701854363,-0.20120209451933205
Kalimantan Barat,2022,Kalimantan,Kalimantan Bagian Barat,2,4,-1.0115823492357596,-0.2212415833976872,-0.26793702853864,-0.20120209451933205
Kalimantan Barat,2023,Kalimantan,Kalimantan Bagian Barat,2,4,-0.59946597023171,-0.2138210936675535,-0.26793702853864,-0.20120209451933205
Kalimantan Barat,2024,Kalimantan,Kalimantan Bagian Barat,2,4,-0.5704436900201573,-0.20727946535844904,-0.26756088689184365,0.3950626143803942
Kalimantan Selatan,2015,Kalimantan,Kalimantan Bagian Selatan,2,5,0.2131578756917677,-0.3750843724591861,-0.2449547739193832,-0.20120209451933205
Kalimantan Selatan,2016,Kalimantan,Kalimantan Bagian Selatan,2,5,-0.7352902416217771,-0.37101007963641863,-0.2445410181079072,-0.20120209451933205
Kalimantan Selatan,2017,Kalimantan,Kalimantan Bagian Selatan,2,5,0.09706875484555656,-0.36688812896752115,-0.2440896481317516,-0.20120209451933205
Kalimantan Selatan,2018,Kalimantan,Kalimantan Bagian Selatan,2,5,-1.0661442360334787,-0.3627178862226022,-0.24363827815559597,-0.20120209451933205
Kalimantan Selatan,2019,Kalimantan,Kalimantan Bagian Selatan,2,5,-0.2941515824061748,-0.3584988983803107,-0.2431869081794404,-0.20120209451933205
Kalimantan Selatan,2020,Kalimantan,Kalimantan Bagian Selatan,2,5,-0.3603223812885152,-0.35423053121075515,-0.24273553820328475,-0.20120209451933205
Kalimantan Selatan,2021,Kalimantan,Kalimantan Bagian Selatan,2,5,-0.44390654829778725,-0.3497909219705042,-0.24235939655648842,-0.20120209451933205
Kalimantan Selatan,2022,Kalimantan,Kalimantan Bagian Selatan,2,5,-0.45203278675702185,-0.3443999678930566,-0.23972640502891399,-0.20120209451933205
Kalimantan Selatan,2023,Kalimantan,Kalimantan Bagian Selatan,2,5,-0.09099562092530533,-0.3407576762306467,-0.23935026338211762,-0.20120209451933205
Kalimantan Selatan,2024,Kalimantan,Kalimantan Bagian Selatan,2,5,-0.22681989231537222,-0.3361277980229564,-0.2389741217353213,-0.20120209451933205
Kalimantan Tengah,2015,Kalimantan,Kalimantan Bagian Tengah,2,6,-0.6087530998994068,-0.49507115447588235,-0.27621214476815964,-0.20120209451933205
Kalimantan Tengah,2016,Kalimantan,Kalimantan Bagian Tengah,2,6,1.4402198830362192,-0.4924006842157363,-0.27613691643880034,-0.20120209451933205
Kalimantan Tengah,2017,Kalimantan,Kalimantan Bagian Tengah,2,6,-0.6284882504432628,-0.4896989554823681,-0.2760616881094411,-0.20120209451933205
Kalimantan Tengah,2018,Kalimantan,Kalimantan Bagian Tengah,2,6,0.6926059447866197,-0.48696560585869686,-0.2759864597800818,-0.20120209451933205
Kalimantan Tengah,2019,Kalimantan,Kalimantan Bagian Tengah,2,6,-0.7689560866671784,-0.484200363531912,-0.27591123145072255,-0.20120209451933205
Kalimantan Tengah,2020,Kalimantan,Kalimantan Bagian Tengah,2,6,-0.7004635053679138,-0.4814026848763922,-0.27583600312136325,-0.20120209451933205
Kalimantan Tengah,2021,Kalimantan,Kalimantan Bagian Tengah,2,6,-0.8130699525887386,-0.4784852273756559,-0.2754598614745669,-0.20120209451933205
Kalimantan Tengah,2022,Kalimantan,Kalimantan Bagian Tengah,2,6,-0.493824870261658,-0.4749607212645179,-0.2754598614745669,-0.20120209451933205
Kalimantan Tengah,2023,Kalimantan,Kalimantan Bagian Tengah,2,6,0.006519240585512079,-0.4720070220556979,-0.2754598614745669,-0.20120209451933205
Kalimantan Tengah,2024,Kalimantan,Kalimantan Bagian Tengah,2,6,0.17949203064636673,-0.4687452683281666,-0.2754598614745669,-0.45323150755942243
Kalimantan Timur,2015,Kalimantan,Kalimantan Bagian Timur,2,7,1.018816374364473,-0.4013795437593009,-0.2719241299946813,-0.20120209451933205
Kalimantan Timur,2016,Kalimantan,Kalimantan Bagian Timur,2,7,1.029264395240632,-0.39761294303816397,-0.2718112875006423,-0.20120209451933205
Kalimantan Timur,2017,Kalimantan,Kalimantan Bagian Timur,2,7,1.0768609347875786,-0.3938022180374351,-0.27169844500660345,-0.20120209451933205
Kalimantan Timur,2018,Kalimantan,Kalimantan Bagian Timur,2,7,0.14002172955865488,-0.3899469157357633,-0.2715856025125646,-0.20120209451933205
Kalimantan Timur,2019,Kalimantan,Kalimantan Bagian Timur,2,7,-0.46596348125856724,-0.3860464925075273,-0.271435145853846,-0.20120209451933205
Kalimantan Timur,2020,Kalimantan,Kalimantan Bagian Timur,2,7,-0.7318075679963908,-0.38210040472710594,-0.2713223033598071,-0.20120209451933205
Kalimantan Timur,2021,Kalimantan,Kalimantan Bagian Timur,2,7,-0.4531936779654841,-0.37827690452427754,-0.2709461617130108,-0.20120209451933205
Kalimantan Timur,2022,Kalimantan,Kalimantan Bagian Timur,2,7,-0.5739263636455436,-0.3736017241814827,-0.2709461617130108,-0.20120209451933205
Kalimantan Timur,2023,Kalimantan,Kalimantan Bagian Timur,2,7,0.16440044493635914,-0.3690805710980435,-0.2705700200662144,-0.20120209451933205
Kalimantan Timur,2024,Kalimantan,Kalimantan Bagian Timur,2,7,0.20967520206638154,-0.35674026949555004,-0.27019387841941805,1.519974384778846
Kalimantan Utara,2019,Kalimantan,Kalimantan Bagian Timur,2,7,-0.37773574941544685,-0.6604653537591632,-0.27888275046041366,-0.20120209451933205
Kalimantan Utara,2020,Kalimantan,Kalimantan Bagian Timur,2,7,-0.16529265826688053,-0.6597300095021452,-0.27884513629573404,-0.20120209451933205
Kalimantan Utara,2021,Kalimantan,Kalimantan Bagian Timur,2,7,-0.26396841098616,-0.6586608791136767,-0.27884513629573404,-0.20120209451933205
Kalimantan Utara,2022,Kalimantan,Kalimantan Bagian Timur,2,7,0.19806628998176043,-0.6573742984767059,-0.2784689946489377,-0.20120209451933205
Kalimantan Utara,2023,Kalimantan,Kalimantan Bagian Timur,2,7,0.860935170013626,-0.6571749690822457,-0.2784689946489377,-0.20120209451933205
Kalimantan Utara,2024,Kalimantan,Kalimantan Bagian Timur,2,7,0.6554574261158324,-0.6562870472341955,-0.27809285300214137,-0.3118491539027861
Kepulauan Bangka Belitung,2015,Sumatera,Sumatera Bagian Selatan,5,15,-0.2593248461523115,-0.598875560811864,-0.250634512786008,0.03853320081148591
Kepulauan Bangka Belitung,2016,Sumatera,Sumatera Bagian Selatan,5,15,-0.0944782945506918,-0.5974196407938722,-0.2502583711392117,0.03853320081148591
Kepulauan Bangka Belitung,2017,Sumatera,Sumatera Bagian Selatan,5,15,-0.2488768252761524,-0.595946596568811,-0.249919843657095,0.03853320081148591
Kepulauan Bangka Belitung,2018,Sumatera,Sumatera Bagian Selatan,5,15,-0.17225800551765313,-0.5944564281366803,-0.249506087845619,0.03853320081148591
Kepulauan Bangka Belitung,2019,Sumatera,Sumatera Bagian Selatan,5,15,-0.2686119758200085,-0.5929487730803992,-0.24912994619882264,0.03853320081148591
Kepulauan Bangka Belitung,2020,Sumatera,Sumatera Bagian Selatan,5,15,-0.30343871207387185,-0.5914234501914272,-0.2487538045520263,0.03853320081148591
Kepulauan Bangka Belitung,2021,Sumatera,Sumatera Bagian Selatan,5,15,-0.6099139911078691,-0.5898378754627662,-0.24837766290522995,0.03853320081148591
Kepulauan Bangka Belitung,2022,Sumatera,Sumatera Bagian Selatan,5,15,-0.2349461307746072,-0.5878989440802892,-0.24837766290522995,0.03853320081148591
Kepulauan Bangka Belitung,2023,Sumatera,Sumatera Bagian Selatan,5,15,-0.1467183989314868,-0.58633149020567,-0.2480015212584336,0.03853320081148591
Kepulauan Bangka Belitung,2024,Sumatera,Sumatera Bagian Selatan,5,15,0.16091777131097268,-0.5845556465095696,-0.24762537961163728,0.03853320081148591
Kepulauan Riau,2015,Sumatera,Sumatera Bagian Tengah,5,16,1.0710564787452679,-0.5468237699937577,-0.1927839275087299,0.03853320081148591
Kepulauan Riau,2016,Sumatera,Sumatera Bagian Tengah,5,16,1.0339079600744805,-0.5447588080714199,-0.19176834506237977,0.03853320081148591
Kepulauan Riau,2017,Sumatera,Sumatera Bagian Tengah,5,16,0.2944202602841155,-0.542669654808936,-0.19067753428667036,0.03853320081148591
Kepulauan Riau,2018,Sumatera,Sumatera Bagian Tengah,5,16,0.11796479659787469,-0.540556128997766,-0.1896243376756406,0.03853320081148591
Kepulauan Riau,2019,Sumatera,Sumatera Bagian Tengah,5,16,-0.046881755003744974,-0.5384177776165585,-0.18853352689993116,0.03853320081148591
Kepulauan Riau,2020,Sumatera,Sumatera Bagian Tengah,5,16,-0.24539415165076628,-0.5362545100610436,-0.18744271612422178,0.03853320081148591
Kepulauan Riau,2021,Sumatera,Sumatera Bagian Tengah,5,16,-0.4845377405939611,-0.5313981211778304,-0.1851858662434437,0.03853320081148591
Kepulauan Riau,2022,Sumatera,Sumatera Bagian Tengah,5,16,-0.05500799346297995,-0.5258168981329434,-0.18292901636266562,0.03853320081148591
Kepulauan Riau,2023,Sumatera,Sumatera Bagian Tengah,5,16,0.8922792326421027,-0.5282813342826338,-0.18443358294985102,0.03853320081148591
Kepulauan Riau,2024,Sumatera,Sumatera Bagian Tengah,5,16,0.9712198348175265,-0.5254997831872112,-0.18292901636266562,0.03853320081148591
Lampung,2015,Sumatera,Sumatera Bagian Selatan,5,15,-0.5843743845217027,0.04671565311543887,-0.1899628651577573,0.03853320081148591
Lampung,2016,Sumatera,Sumatera Bagian Selatan,5,15,-0.4288149625877796,0.05572506993223138,-0.1888720543820479,0.03853320081148591
Lampung,2017,Sumatera,Sumatera Bagian Selatan,5,15,-0.36380505491390147,0.06483985951527718,-0.1877812436063385,0.03853320081148591
Lampung,2018,Sumatera,Sumatera Bagian Selatan,5,15,-0.6621540954886641,0.07406129032435922,-0.18669043283062908,0.03853320081148591
Lampung,2019,Sumatera,Sumatera Bagian Selatan,5,15,-0.7318075679963908,0.08339063081926042,-0.18556200789024005,0.03853320081148591
Lampung,2020,Sumatera,Sumatera Bagian Selatan,5,15,-0.8653100569695336,0.09282905885549349,-0.18443358294985102,0.03853320081148591
Lampung,2021,Sumatera,Sumatera Bagian Selatan,5,15,-0.5959832966063238,0.0995337748509745,-0.18368129965625832,0.03853320081148591
Lampung,2022,Sumatera,Sumatera Bagian Selatan,5,15,-0.4497110043400978,0.10812305966680692,-0.1795437415414985,0.03853320081148591
Lampung,2023,Sumatera,Sumatera Bagian Selatan,5,15,0.22592767898485117,0.1205720863935514,-0.17803917495431312,0.03853320081148591
Lampung,2024,Sumatera,Sumatera Bagian Selatan,5,15,0.15859598889404858,0.13013989732764322,-0.17653460836712773,-0.06596679971733198
Maluku,2015,Maluku Papua,Maluku,3,8,-0.5971441878147857,-0.5652628262325731,-0.2683883985147956,1.0527979118264836
Maluku,2016,Maluku Papua,Maluku,3,8,-0.16064909343303202,-0.5634136836818734,-0.268237941856077,1.0527979118264836
Maluku,2017,Maluku Papua,Maluku,3,8,0.16207866251943506,-0.5615427961063236,-0.26804987103267885,1.0527979118264836
Maluku,2018,Maluku Papua,Maluku,3,8,-0.07590403521529776,-0.5596500729016534,-0.26789941437396037,1.0527979118264836
Maluku,2019,Maluku Papua,Maluku,3,8,0.37568264487646325,-0.5577351516507818,-0.2677489577152418,1.0527979118264836
Maluku,2020,Maluku Papua,Maluku,3,8,1.5156778115862564,-0.5557978511451687,-0.26756088689184365,1.0527979118264836
Maluku,2021,Maluku Papua,Maluku,3,8,0.11216034055556413,-0.5545565726433026,-0.2671847452450473,1.0527979118264836
Maluku,2022,Maluku Papua,Maluku,3,8,-0.37425307579006056,-0.5528260310823068,-0.2668086035982509,1.0527979118264836
Maluku,2023,Maluku Papua,Maluku,3,8,1.0222990479898595,-0.5493105853981898,-0.2664324619514546,1.0527979118264836
Maluku,2024,Maluku Papua,Maluku,3,8,0.8481653667205428,-0.5470364182159387,-0.2664324619514546,2.245327329625935
Maluku Utara,2015,Maluku Papua,Maluku,3,8,-0.5971441878147857,-0.5652628262325731,-0.2683883985147956,1.0527979118264836
Maluku Utara,2016,Maluku Papua,Maluku,3,8,-0.16064909343303202,-0.5634136836818734,-0.268237941856077,1.0527979118264836
Maluku Utara,2017,Maluku Papua,Maluku,3,8,0.16207866251943506,-0.5615427961063236,-0.26804987103267885,1.0527979118264836
Maluku Utara,2020,Maluku Papua,Maluku,3,8,1.5156778115862564,-0.5557978511451687,-0.26756088689184365,1.0527979118264836
Maluku Utara,2021,Maluku Papua,Maluku,3,8,-0.9430897679364951,-0.6056030184791674,-0.2668086035982509,1.0527979118264836
Maluku Utara,2022,Maluku Papua,Maluku,3,8,-0.7701169778756405,-0.6037818726479625,-0.2671847452450473,1.0527979118264836
Maluku Utara,2023,Maluku Papua,Maluku,3,8,0.18297470427175286,-0.6021691166382387,-0.2668086035982509,1.0527979118264836
Maluku Utara,2024,Maluku Papua,Maluku,3,8,-0.006250562707571079,-0.6004929376393684,-0.2668086035982509,-0.13973150597296768
Nusa Tenggara Barat,2015,Bali Nusra,Nusa Tenggara,0,9,-0.4531936779654841,-0.2685273177899787,-0.1807473948112468,-1.4674962185744203
Nusa Tenggara Barat,2016,Bali Nusra,Nusa Tenggara,0,9,-0.06545601433913902,-0.26320631020913265,-0.1795437415414985,-1.4674962185744203
Nusa Tenggara Barat,2017,Bali Nusra,Nusa Tenggara,0,9,-0.006250562707571079,-0.25782305749465284,-0.17834008827175019,-1.4674962185744203
Nusa Tenggara Barat,2018,Bali Nusra,Nusa Tenggara,0,9,-0.40327535600161335,-0.25237674420810746,-0.17713643500200188,-1.4674962185744203
Nusa Tenggara Barat,2019,Bali Nusra,Nusa Tenggara,0,9,-0.036433734127586236,-0.246866736119605,-0.17589516756757392,-1.4674962185744203
Nusa Tenggara Barat,2020,Bali Nusra,Nusa Tenggara,0,9,0.03089795596321635,-0.2412923083949838,-0.174653900133146,-1.4674962185744203
Nusa Tenggara Barat,2021,Bali Nusra,Nusa Tenggara,0,9,-0.48802041421934744,-0.2349590699073605,-0.1731493335459606,-1.4674962185744203
Nusa Tenggara Barat,2022,Bali Nusra,Nusa Tenggara,0,9,-0.7201986559117697,-0.22737549249085023,-0.17766303330751676,-1.4674962185744203
Nusa Tenggara Barat,2023,Bali Nusra,Nusa Tenggara,0,9,-0.2674510846115461,-0.21952916269073328,-0.17578232507353503,-1.4674962185744203
Nusa Tenggara Barat,2024,Bali Nusra,Nusa Tenggara,0,9,-0.29182979998925074,-0.2117643767338046,-0.17427775848634963,-1.4674962185744203
Nusa Tenggara Timur,2015,Bali Nusra,Nusa Tenggara,0,9,-0.2941515824061748,-0.26805717223186315,-0.24356304982623672,-1.4674962185744203
Nusa Tenggara Timur,2016,Bali Nusra,Nusa Tenggara,0,9,0.14582618560096544,-0.26273063779053435,-0.2431116798500811,-1.4674962185744203
Nusa Tenggara Timur,2017,Bali Nusra,Nusa Tenggara,0,9,-0.32549564503465167,-0.25734176761130156,-0.24262269570924586,-1.4674962185744203
Nusa Tenggara Timur,2018,Bali Nusra,Nusa Tenggara,0,9,-0.44738922192317354,-0.2518899274642734,-0.24217132573309022,-1.4674962185744203
Nusa Tenggara Timur,2019,Bali Nusra,Nusa Tenggara,0,9,-0.5507085394763014,-0.24637421130674778,-0.2417199557569346,-1.4674962185744203
Nusa Tenggara Timur,2020,Bali Nusra,Nusa Tenggara,0,9,-0.8003001492956553,-0.2407939849088332,-0.24123097161609935,-1.4674962185744203
Nusa Tenggara Timur,2021,Bali Nusra,Nusa Tenggara,0,9,-0.78636945479411,-0.23516745972884168,-0.24047868832250668,-1.4674962185744203
Nusa Tenggara Timur,2022,Bali Nusra,Nusa Tenggara,0,9,-0.5716045812286195,-0.22804596409039835,-0.23784569679493225,-1.4674962185744203
Nusa Tenggara Timur,2023,Bali Nusra,Nusa Tenggara,0,9,0.8017297183820583,-0.2187318451128923,-0.23709341350133956,-1.4674962185744203
Nusa Tenggara Timur,2024,Bali Nusra,Nusa Tenggara,0,9,0.8261084337597626,-0.21085833403171256,-0.23634113020774686,-1.3691432769002378
Papua,2015,Maluku Papua,Papua,3,10,-0.5971441878147857,-0.5652628262325731,-0.2683883985147956,1.0527979118264836
Papua,2016,Maluku Papua,Papua,3,10,-0.16064909343303202,-0.5634136836818734,-0.268237941856077,1.0527979118264836
Papua,2017,Maluku Papua,Papua,3,10,0.16207866251943506,-0.5615427961063236,-0.26804987103267885,1.0527979118264836
Papua,2018,Maluku Papua,Papua,3,10,-0.07590403521529776,-0.5596500729016534,-0.26789941437396037,1.0527979118264836
Papua,2019,Maluku Papua,Papua,3,10,0.37568264487646325,-0.5577351516507818,-0.2677489577152418,1.0527979118264836
Papua,2020,Maluku Papua,Papua,3,10,1.5156778115862564,-0.5557978511451687,-0.26756088689184365,1.0527979118264836
Papua,2021,Maluku Papua,Papua,3,10,-0.41546471369046545,-0.580079795561235,-0.2669966744216491,1.0527979118264836
Papua,2022,Maluku Papua,Papua,3,10,-0.5721850268328504,-0.5783039518651346,-0.2669966744216491,1.0527979118264836
Papua,2023,Maluku Papua,Papua,3,10,0.6026368761308062,-0.5757398510182142,-0.26662053277485276,1.0527979118264836
Papua,2024,Maluku Papua,Papua,3,10,0.8481653667205428,-0.6004929376393684,-0.2668086035982509,-1.9531138680906912
Papua Barat,2015,Maluku Papua,Papua,3,10,-0.5971441878147857,-0.5652628262325731,-0.2683883985147956,1.0527979118264836
Papua Barat,2016,Maluku Papua,Papua,3,10,-0.16064909343303202,-0.5634136836818734,-0.268237941856077,1.0527979118264836
Papua Barat,2017,Maluku Papua,Papua,3,10,0.16207866251943506,-0.5615427961063236,-0.26804987103267885,1.0527979118264836
Papua Barat,2018,Maluku Papua,Papua,3,10,-0.07590403521529776,-0.5596500729016534,-0.26789941437396037,1.0527979118264836
Papua Barat,2019,Maluku Papua,Papua,3,10,0.37568264487646325,-0.5577351516507818,-0.2677489577152418,1.0527979118264836
Papua Barat,2020,Maluku Papua,Papua,3,10,1.5156778115862564,-0.5557978511451687,-0.26756088689184365,1.0527979118264836
Papua Barat,2021,Maluku Papua,Papua,3,10,-0.41546471369046545,-0.580079795561235,-0.2669966744216491,1.0527979118264836
Papua Barat,2022,Maluku Papua,Papua,3,10,-0.5721850268328504,-0.5783039518651346,-0.2669966744216491,1.0527979118264836
Papua Barat,2023,Maluku Papua,Papua,3,10,0.6026368761308062,-0.5757398510182142,-0.26662053277485276,1.0527979118264836
Papua Barat,2024,Maluku Papua,Papua,3,10,10.362829711276007,-0.6708833951648981,-0.2784689946489377,2.509650860375298
Riau,2015,Sumatera,Sumatera Bagian Tengah,5,16,0.001875675751663568,-0.17671647051439993,-0.2563142516526329,0.03853320081148591
Riau,2016,Sumatera,Sumatera Bagian Tengah,5,16,-0.22333721868998607,-0.17032125870595355,-0.2560133383351958,0.03853320081148591
Riau,2017,Sumatera,Sumatera Bagian Tengah,5,16,-0.5530303218932255,-0.16385120777031437,-0.2557124250177587,0.03853320081148591
Riau,2018,Sumatera,Sumatera Bagian Tengah,5,16,-0.4973075438870443,-0.1573054116647803,-0.25541151170032167,0.03853320081148591
Riau,2019,Sumatera,Sumatera Bagian Tengah,5,16,-0.6366144889024976,-0.15068314555518966,-0.2550729842182049,0.03853320081148591
Riau,2020,Sumatera,Sumatera Bagian Tengah,5,16,-0.3568397076631289,-0.14398332219029994,-0.25477207090076787,0.03853320081148591
Riau,2021,Sumatera,Sumatera Bagian Tengah,5,16,-0.5007902175124306,-0.13496819730448428,-0.25401978760717514,0.03853320081148591
Riau,2022,Sumatera,Sumatera Bagian Tengah,5,16,0.3304078877464412,-0.12402320146321257,-0.2543959292539715,0.03853320081148591
Riau,2023,Sumatera,Sumatera Bagian Tengah,5,16,0.9131752743944209,-0.12144097976225028,-0.2543959292539715,0.03853320081148591
Riau,2024,Sumatera,Sumatera Bagian Tengah,5,16,1.226615900679191,-0.1137214959404262,-0.25401978760717514,-0.5331432726696949
Sulawesi Barat,2018,Sulawesi,Sulawesi Bagian Barat,4,11,-0.32317386261772757,-0.5976873764123405,-0.2510106544328044,-1.3353344531997386
Sulawesi Barat,2019,Sulawesi,Sulawesi Bagian Barat,4,11,-0.30227782086540944,-0.5962175939410068,-0.250634512786008,-1.3353344531997386
Sulawesi Barat,2020,Sulawesi,Sulawesi Bagian Barat,4,11,-0.4497110043400978,-0.5947305060540631,-0.2502583711392117,-1.3353344531997386
Sulawesi Barat,2021,Sulawesi,Sulawesi Bagian Barat,4,11,-0.6319709240686491,-0.5931358708983812,-0.24988222949241534,-1.3353344531997386
Sulawesi Barat,2022,Sulawesi,Sulawesi Bagian Barat,4,11,-0.23030256594075868,-0.5911606978078205,-0.24912994619882264,-1.3353344531997386
Sulawesi Barat,2023,Sulawesi,Sulawesi Bagian Barat,4,11,0.25611085040486603,-0.5891221017281135,-0.2487538045520263,-1.3353344531997386
Sulawesi Barat,2024,Sulawesi,Sulawesi Bagian Barat,4,11,0.3814871009187738,-0.5871197473564901,-0.2480015212584336,-1.6703491607774192
Sulawesi Selatan,2015,Sulawesi,Sulawesi Bagian Selatan,4,12,0.3373732349972138,0.05233203061716694,-0.21339648975316972,-1.3353344531997386
Sulawesi Selatan,2016,Sulawesi,Sulawesi Bagian Selatan,4,12,0.17600935702098025,0.06140713552986111,-0.21256897813021772,-1.3353344531997386
Sulawesi Selatan,2017,Sulawesi,Sulawesi Bagian Selatan,4,12,1.019977265572935,0.07058842864724046,-0.21177908067194542,-1.3353344531997386
Sulawesi Selatan,2018,Sulawesi,Sulawesi Bagian Selatan,4,12,0.9712198348175265,0.07987708782481774,-0.21095156904899345,-1.3353344531997386
Sulawesi Selatan,2019,Sulawesi,Sulawesi Bagian Selatan,4,12,0.22824946140177527,0.08927447212664605,-0.21008644326136186,-1.3353344531997386
Sulawesi Selatan,2020,Sulawesi,Sulawesi Bagian Selatan,4,12,-0.20476295935459238,0.09878175940823812,-0.2092589316384099,-1.3353344531997386
Sulawesi Selatan,2021,Sulawesi,Sulawesi Bagian Selatan,4,12,0.014645479044746727,0.1047616412420455,-0.2085066483448172,-1.3353344531997386
Sulawesi Selatan,2022,Sulawesi,Sulawesi Bagian Selatan,4,12,1.7652694214056104,0.11258078976109971,-0.20549751517044643,-1.3353344531997386
Sulawesi Selatan,2023,Sulawesi,Sulawesi Bagian Selatan,4,12,3.2639799715301967,0.1249482726446559,-0.2043690902300574,-1.3353344531997386
Sulawesi Selatan,2024,Sulawesi,Sulawesi Bagian Selatan,4,12,2.994653211166986,0.1341083643628063,-0.2036168069364647,0.41350379094430284
Sulawesi Tengah,2015,Sulawesi,Sulawesi Bagian Tengah,4,13,1.860462500499504,-0.4680834947385586,-0.26519119451702666,-1.3353344531997386
Sulawesi Tengah,2016,Sulawesi,Sulawesi Bagian Tengah,4,13,2.067101135605759,-0.46509726859673345,-0.2650031236936285,-1.3353344531997386
Sulawesi Tengah,2017,Sulawesi,Sulawesi Bagian Tengah,4,13,2.2783833355458643,-0.4620761598108778,-0.2647774387055507,-1.3353344531997386
Sulawesi Tengah,2018,Sulawesi,Sulawesi Bagian Tengah,4,13,1.8883238895025944,-0.45901962475537034,-0.2645893678821525,-1.3353344531997386
Sulawesi Tengah,2019,Sulawesi,Sulawesi Bagian Tengah,4,13,0.620630689861969,-0.4559273916174004,-0.2644012970587543,-1.3353344531997386
Sulawesi Tengah,2020,Sulawesi,Sulawesi Bagian Tengah,4,13,0.2770068921571838,-0.45279891677134687,-0.2641756120706765,-1.3353344531997386
Sulawesi Tengah,2021,Sulawesi,Sulawesi Bagian Tengah,4,13,0.13073459989095784,-0.44951904218977373,-0.2637994704238802,-1.3353344531997386
Sulawesi Tengah,2022,Sulawesi,Sulawesi Bagian Tengah,4,13,0.2201232229425406,-0.44551433344652697,-0.2634233287770838,-1.3353344531997386
Sulawesi Tengah,2023,Sulawesi,Sulawesi Bagian Tengah,4,13,1.519160485211643,-0.44363882505319646,-0.2634233287770838,-1.3353344531997386
Sulawesi Tengah,2024,Sulawesi,Sulawesi Bagian Tengah,4,13,1.735086249985596,-0.4404676755958744,-0.26304718713028746,-1.4306138654466019
Sulawesi Tenggara,2015,Sulawesi,Sulawesi Bagian Selatan,4,12,-0.13046592201301718,-0.49892654738182435,-0.257743589910459,-1.3353344531997386
Sulawesi Tenggara,2016,Sulawesi,Sulawesi Bagian Selatan,4,12,-0.1037654242183885,-0.49630110744397227,-0.25744267659302195,-1.3353344531997386
Sulawesi Tenggara,2017,Sulawesi,Sulawesi Bagian Selatan,4,12,-0.5309733889324456,-0.4936450432627895,-0.2571793774402645,-1.3353344531997386
Sulawesi Tenggara,2018,Sulawesi,Sulawesi Bagian Selatan,4,12,-1.2727828711397347,-0.49095790181692495,-0.2568784641228274,-1.3353344531997386
Sulawesi Tenggara,2019,Sulawesi,Sulawesi Bagian Selatan,4,12,-1.3006442601428254,-0.4882393206892978,-0.2565775508053903,-1.3353344531997386
Sulawesi Tenggara,2020,Sulawesi,Sulawesi Bagian Selatan,4,12,-0.8943323371810864,-0.4854889374628273,-0.25627663748795326,-1.3353344531997386
Sulawesi Tenggara,2021,Sulawesi,Sulawesi Bagian Selatan,4,12,-0.7828867811687236,-0.4823812109946516,-0.25590049584115687,-1.3353344531997386
Sulawesi Tenggara,2022,Sulawesi,Sulawesi Bagian Selatan,4,12,-0.19895850331228182,-0.47853052951076047,-0.25401978760717514,-1.3353344531997386
Sulawesi Tenggara,2023,Sulawesi,Sulawesi Bagian Selatan,4,12,0.8063732832159068,-0.4742449475298652,-0.2536436459603788,-1.3353344531997386
Sulawesi Tenggara,2024,Sulawesi,Sulawesi Bagian Selatan,4,12,0.6241133634873551,-0.47024929921363934,-0.25326750431358247,-1.2953785706446022
Sulawesi Utara,2015,Sulawesi,Sulawesi Bagian Utara,4,14,1.8337620027048753,-0.4991829574665164,-0.21516435549311255,-1.3353344531997386
Sulawesi Utara,2016,Sulawesi,Sulawesi Bagian Utara,4,14,2.7589922958491777,-0.49656059807385144,-0.2143744580348402,-1.3353344531997386
Sulawesi Utara,2017,Sulawesi,Sulawesi Bagian Utara,4,14,1.8151877433694812,-0.49390752383358555,-0.21358456057656788,-1.3353344531997386
Sulawesi Utara,2018,Sulawesi,Sulawesi Bagian Utara,4,14,2.7996234881453517,-0.49122346293290814,-0.2127570489536159,-1.3353344531997386
Sulawesi Utara,2019,Sulawesi,Sulawesi Bagian Utara,4,14,1.4820119665408555,-0.4885079623504681,-0.2119671514953436,-1.3353344531997386
Sulawesi Utara,2020,Sulawesi,Sulawesi Bagian Utara,4,14,0.9340713161467391,-0.4857607502734549,-0.21113963987239162,-1.3353344531997386
Sulawesi Utara,2021,Sulawesi,Sulawesi Bagian Utara,4,14,0.8899574502251787,-0.48424765896096117,-0.21076349822559529,-1.3353344531997386
Sulawesi Utara,2022,Sulawesi,Sulawesi Bagian Utara,4,14,2.353841264095901,-0.48235402971358887,-0.21339648975316972,-1.3353344531997386
Sulawesi Utara,2023,Sulawesi,Sulawesi Bagian Utara,4,14,4.331999883315339,-0.4803607357689864,-0.21264420645957702,-1.3353344531997386
Sulawesi Utara,2024,Sulawesi,Sulawesi Bagian Utara,4,14,3.7747721032535257,-0.47852146908373955,-0.21226806481278065,2.0977979171146623
Sumatera Barat,2015,Sumatera,Sumatera Bagian Tengah,5,16,1.7745565510733075,-0.25019934238643987,-0.235400776090756,0.03853320081148591
Sumatera Barat,2016,Sumatera,Sumatera Bagian Tengah,5,16,1.4344154269939087,-0.24466387449800864,-0.23483656362056146,0.03853320081148591
Sumatera Barat,2017,Sumatera,Sumatera Bagian Tengah,5,16,1.0246208304067836,-0.23906362455637784,-0.23427235115036696,0.03853320081148591
Sumatera Barat,2018,Sumatera,Sumatera Bagian Tengah,5,16,0.9363930985636632,-0.23339786772738574,-0.23370813868017243,0.03853320081148591
Sumatera Barat,2019,Sumatera,Sumatera Bagian Tengah,5,16,0.5033806778072956,-0.22766587917687073,-0.2331439262099779,0.03853320081148591
Sumatera Barat,2020,Sumatera,Sumatera Bagian Tengah,5,16,-0.1676144406838046,-0.2218667528621307,-0.2325797137397834,0.03853320081148591
Sumatera Barat,2021,Sumatera,Sumatera Bagian Tengah,5,16,-0.6656367691140505,-0.21772613771357013,-0.23220357209298703,0.03853320081148591
Sumatera Barat,2022,Sumatera,Sumatera Bagian Tengah,5,16,-0.2604857373607735,-0.2122536397929343,-0.2318274304461907,0.03853320081148591
Sumatera Barat,2023,Sumatera,Sumatera Bagian Tengah,5,16,0.7216282249981726,-0.20168918188654122,-0.23069900550580166,0.03853320081148591
Sumatera Barat,2024,Sumatera,Sumatera Bagian Tengah,5,16,0.7610985260858845,-0.19453144454001423,-0.22994672221220896,1.9195332103302079
Sumatera Selatan,2015,Sumatera,Sumatera Bagian Selatan,5,15,1.145353516086843,0.0005196162809534607,-0.24958131617497828,0.03853320081148591
Sumatera Selatan,2016,Sumatera,Sumatera Bagian Selatan,5,15,-0.5332951713493697,0.008988488021677858,-0.24920517452818194,0.03853320081148591
Sumatera Selatan,2017,Sumatera,Sumatera Bagian Selatan,5,15,0.38845244816954677,0.017556480834011123,-0.24882903288138558,0.03853320081148591
Sumatera Selatan,2018,Sumatera,Sumatera Bagian Selatan,5,15,0.05875934496630709,0.02622468196919577,-0.2484152770699096,0.03853320081148591
Sumatera Selatan,2019,Sumatera,Sumatera Bagian Selatan,5,15,-0.059651558296828465,0.03499426928274451,-0.24803913542311326,0.03853320081148591
Sumatera Selatan,2020,Sumatera,Sumatera Bagian Selatan,5,15,-0.17225800551765313,0.04386651123444028,-0.24762537961163728,0.03853320081148591
Sumatera Selatan,2021,Sumatera,Sumatera Bagian Selatan,5,15,-0.07358225279837366,0.051431967796908715,-0.2472492379648409,0.03853320081148591
Sumatera Selatan,2022,Sumatera,Sumatera Bagian Selatan,5,15,-0.30808227690772,0.061045080866105134,-0.24461624643726648,0.03853320081148591
Sumatera Selatan,2023,Sumatera,Sumatera Bagian Selatan,5,15,0.9886332029444581,0.06888235023920118,-0.24424010479047015,0.03853320081148591
Sumatera Selatan,2024,Sumatera,Sumatera Bagian Selatan,5,15,1.4599550335800755,0.0773810307848244,-0.24386396314367378,-0.361025624739877
Sumatera Utara,2015,Sumatera,Sumatera Bagian Utara,5,17,1.0861480644552757,0.5418106373056899,-0.21019928575540076,0.03853320081148591
Sumatera Utara,2016,Sumatera,Sumatera Bagian Utara,5,17,1.2045589677184112,0.5566125663254972,-0.2093341599677692,0.03853320081148591
Sumatera Utara,2017,Sumatera,Sumatera Bagian Utara,5,17,1.3937842346977347,0.5715877307099444,-0.2085066483448172,0.03853320081148591
Sumatera Utara,2018,Sumatera,Sumatera Bagian Utara,5,17,0.7994079359651339,0.5867381237529763,-0.20764152255718563,0.03853320081148591
Sumatera Utara,2019,Sumatera,Sumatera Bagian Utara,5,17,0.6032173217350374,0.6020657387485373,-0.20673878260487435,0.03853320081148591
Sumatera Utara,2020,Sumatera,Sumatera Bagian Utara,5,17,0.7436851579589527,0.6175727501991126,-0.20587365681724276,0.03853320081148591
Sumatera Utara,2021,Sumatera,Sumatera Bagian Utara,5,17,0.9955985501952308,0.6299674143637316,-0.20512137352365006,0.03853320081148591
Sumatera Utara,2022,Sumatera,Sumatera Bagian Utara,5,17,1.5017471170847112,0.6461855787311789,-0.2036168069364647,0.03853320081148591
Sumatera Utara,2023,Sumatera,Sumatera Bagian Utara,5,17,2.855346266151533,0.6707755776659565,-0.20248838199607566,0.03853320081148591
Sumatera Utara,2024,Sumatera,Sumatera Bagian Utara,5,17,2.6777299112568302,0.6890685798211945,-0.2013599570556866,1.4031802665407547
