provinsi,tahun,crime_total,is_outlier,population,population_density,pop_extrapolated,crime_rate_per100k,unemployment_rate,pulau,region,pulau_enc,region_enc,crime_rate_per100k_scaled,population_scaled,population_density_scaled,unemployment_rate_scaled
Aceh,2015,8048.0,False,4976861.0,85.9,True,161.7,4.24,Sumatera,Sumatera Bagian Utara,5,17,0.0332197383801404,-0.2723912274973203,-0.249919843657095,0.0385332008114859
Aceh,2016,9646.0,False,5035090.0,86.9,True,191.6,4.24,Sumatera,Sumatera Bagian Utara,5,17,0.3803262097103118,-0.2671154314473087,-0.2495437020102986,0.0385332008114859
Aceh,2017,8885.0,False,5094000.0,87.9,True,174.4,4.24,Sumatera,Sumatera Bagian Utara,5,17,0.1806529218548287,-0.2617779338892845,-0.2491675603635023,0.0385332008114859
Aceh,2018,8758.0,False,5153600.0,88.9,True,169.9,4.24,Sumatera,Sumatera Bagian Utara,5,17,0.1284128174740337,-0.2563779193848161,-0.2487914187167059,0.0385332008114859
Aceh,2019,7483.0,False,5213897.0,89.9,True,143.5,4.24,Sumatera,Sumatera Bagian Utara,5,17,-0.1780624615599637,-0.2509147537040118,-0.2484152770699096,0.0385332008114859
Aceh,2020,7745.0,False,5274900.0,91.0,False,146.8,4.24,Sumatera,Sumatera Bagian Utara,5,17,-0.1397530516807138,-0.2453876214084397,-0.2480015212584336,0.0385332008114859
Aceh,2021,6651.0,False,5333700.0,92.0,False,124.7,4.24,Sumatera,Sumatera Bagian Utara,5,17,-0.3963100087508405,-0.2400600903201386,-0.2476253796116372,0.0385332008114859
Bali,2015,5032.0,False,4073461.0,704.8,True,123.5,3.015,Bali Nusra,Bali,0,0,-0.4102407032523859,-0.3542431252043142,-0.0171257784548359,-1.4674962185744205
Bali,2016,4764.0,False,4121120.0,713.0,True,115.6,3.015,Bali Nusra,Bali,0,0,-0.5019511087208928,-0.3499250162904138,-0.0140414169511059,-1.4674962185744205
Bali,2017,3589.0,False,4169337.0,721.4,True,86.1,3.015,Bali Nusra,Bali,0,0,-0.8444140152172156,-0.3455563501937366,-0.0108818271180166,-1.4674962185744205
Bali,2018,3212.0,False,4218119.0,729.8,True,76.1,3.015,Bali Nusra,Bali,0,0,-0.9605031360634269,-0.3411364926843913,-0.0077222372849273,-1.4674962185744205
Bali,2019,3047.0,False,4267471.0,738.4,True,71.4,3.015,Bali Nusra,Bali,0,0,-1.0150650228611455,-0.3366649907410267,-0.0044874191224787,-1.4674962185744205
Bali,2020,2597.0,False,4317400.0,747.0,False,60.2,3.015,Bali Nusra,Bali,0,0,-1.1450848382089025,-0.3321412101337515,-0.0012526009600301,-1.4674962185744205
Bali,2021,2404.0,False,4362700.0,755.0,False,55.1,3.015,Bali Nusra,Bali,0,0,-1.2042902898404702,-0.3280368366932746,0.0017565322143406,-1.4674962185744205
Banten,2015,5002.0,False,11231973.0,1162.4,True,44.5,5.3525,Jawa,Jawa Bagian Barat,1,1,-1.3273447579374538,0.2943486303395067,0.1549966391191723,1.4062537959680732
Banten,2016,4570.0,False,11363387.0,1176.0,True,40.2,5.3525,Jawa,Jawa Bagian Barat,1,1,-1.3772630799013246,0.3062552999047789,0.1601121655156026,1.4062537959680732
Banten,2017,3692.0,False,11496339.0,1189.7,True,32.1,5.3525,Jawa,Jawa Bagian Barat,1,1,-1.4712952677867557,0.3183013188376329,0.1652653060767126,1.4062537959680732
Banten,2018,3490.0,False,11630846.0,1203.7,True,30.0,5.3525,Jawa,Jawa Bagian Barat,1,1,-1.843941345703093,0.3304882274106621,0.1705312891318614,1.4062537959680732
Banten,2019,3287.0,False,11766927.0,1217.8,True,27.9,5.3525,Jawa,Jawa Bagian Barat,1,1,-1.5200526985421643,0.3428177471050007,0.1758348863516899,1.4062537959680732
Banten,2020,4250.0,False,11904600.0,1232.0,False,35.7,5.3525,Jawa,Jawa Bagian Barat,1,1,-1.4295031842821195,0.3552915087975122,0.181176097736198,1.4062537959680732
Banten,2021,3434.0,False,12061500.0,1248.0,False,28.5,5.3525,Jawa,Jawa Bagian Barat,1,1,-1.5130873512913916,0.3695073187933362,0.1871943640849396,1.4062537959680732
Bengkulu,2015,4463.0,False,1897093.0,95.3,True,235.3,4.24,Sumatera,Sumatera Bagian Selatan,5,15,0.8876356678082546,-0.5514313595509766,-0.2463841121772093,0.0385332008114859
Bengkulu,2016,3345.0,True,1919289.0,96.4,True,174.3,4.24,Sumatera,Sumatera Bagian Selatan,5,15,0.1794920306463667,-0.549420307169413,-0.2459703563657333,0.0385332008114859
Bengkulu,2017,4867.0,False,1941744.0,97.5,True,250.7,4.24,Sumatera,Sumatera Bagian Selatan,5,15,1.0664129139114196,-0.5473857882818655,-0.2455566005542573,0.0385332008114859
Bengkulu,2018,3389.0,False,1964463.0,98.7,True,172.5,4.24,Sumatera,Sumatera Bagian Selatan,5,15,0.1585959888940485,-0.5453273498669826,-0.2451052305781017,0.0385332008114859
Bengkulu,2019,3453.0,False,1987447.0,99.8,True,173.7,4.24,Sumatera,Sumatera Bagian Selatan,5,15,0.1725266833955938,-0.5432449013204942,-0.2446914747666257,0.0385332008114859
Bengkulu,2020,3333.0,False,2010700.0,101.0,False,165.8,4.24,Sumatera,Sumatera Bagian Selatan,5,15,0.0808162779270872,-0.5411380802253196,-0.2442401047904701,0.0385332008114859
Bengkulu,2021,3493.0,False,2032900.0,102.0,False,171.8,4.24,Sumatera,Sumatera Bagian Selatan,5,15,0.1504697504348139,-0.5391266654266753,-0.2438639631436737,0.0385332008114859
DI Yogyakarta,2015,9692.0,False,3461413.0,1104.8,True,280.0,5.3525,Jawa,Jawa Bagian Tengah,1,2,1.406554037990818,-0.4096972875773164,0.1333308802637027,1.4062537959680732
DI Yogyakarta,2016,8348.0,False,3501912.0,1117.8,True,238.4,5.3525,Jawa,Jawa Bagian Tengah,1,2,0.92362329527058,-0.4060279052381139,0.1382207216720552,1.4062537959680732
DI Yogyakarta,2017,7251.0,False,3542884.0,1130.8,True,204.7,5.3525,Jawa,Jawa Bagian Tengah,1,2,0.5324029580188483,-0.4023156670791024,0.1431105630804077,1.4062537959680732
DI Yogyakarta,2018,6731.0,False,3584336.0,1144.1,True,187.8,5.3525,Jawa,Jawa Bagian Tengah,1,2,0.3362123437887517,-0.3985599388703905,0.1481132469827991,1.4062537959680732
DI Yogyakarta,2019,6650.0,False,3626273.0,1157.5,True,183.4,5.3525,Jawa,Jawa Bagian Tengah,1,2,0.2851331306164187,-0.3947602675906272,0.1531535450498702,1.4062537959680732
DI Yogyakarta,2020,7721.0,False,3668700.0,1171.0,False,210.5,5.3525,Jawa,Jawa Bagian Tengah,1,2,0.5997346481096508,-0.3909162002184613,0.1582314572816209,1.4062537959680732
DI Yogyakarta,2021,4774.0,False,3712900.0,1185.0,False,128.6,5.3525,Jawa,Jawa Bagian Tengah,1,2,-0.3510352516208183,-0.3869114914752146,0.1634974403367697,1.4062537959680732
DKI Jakarta,2015,44461.0,False,9965326.0,15008.2,True,446.2,5.3525,Jawa,Jawa Bagian Barat,1,1,3.3359552264548467,0.1795850032918306,5.362978652332031,1.4062537959680732
DKI Jakarta,2016,43842.0,False,10081921.0,15183.8,True,434.9,5.3525,Jawa,Jawa Bagian Barat,1,1,3.2047745198986286,0.1901490081768726,5.4290291255094685,1.4062537959680732
DKI Jakarta,2017,34767.0,False,10199879.0,15361.5,True,340.9,5.3525,Jawa,Jawa Bagian Barat,1,1,2.113536783944244,0.2008365066822098,5.49586949614518,1.4062537959680732
DKI Jakarta,2018,34655.0,False,10319218.0,15541.2,True,335.8,5.3525,Jawa,Jawa Bagian Barat,1,1,2.0543313323126764,0.2116491296847058,5.563462150074484,1.4062537959680732
DKI Jakarta,2019,31934.0,False,10439953.0,15723.0,True,305.9,5.3525,Jawa,Jawa Bagian Barat,1,1,1.7072248609825047,0.2225882362484139,5.631844701462059,1.4062537959680732
DKI Jakarta,2020,26585.0,False,10562100.0,15907.0,False,251.7,5.3525,Jawa,Jawa Bagian Barat,1,1,1.0780218259960406,0.2336552760416574,5.701054764472588,1.4062537959680732
DKI Jakarta,2021,29103.0,False,10609700.0,15978.0,False,274.3,5.3525,Jawa,Jawa Bagian Barat,1,1,1.340383239108478,0.2379680393036155,5.727760821395128,1.4062537959680732
Gorontalo,2015,3372.0,False,1105497.0,98.1,True,305.0,3.1225,Sulawesi,Sulawesi Bagian Utara,4,14,1.696776840106346,-0.6231533374315007,-0.2453309155661795,-1.3353344531997386
Gorontalo,2016,3763.0,False,1118432.0,99.3,True,336.5,3.1225,Sulawesi,Sulawesi Bagian Utara,4,14,2.0624575707719117,-0.6219813711963447,-0.2448795455900239,-1.3353344531997386
Gorontalo,2017,3099.0,False,1131517.0,100.4,True,273.9,3.1225,Sulawesi,Sulawesi Bagian Utara,4,14,1.3357396742746293,-0.6207958143206572,-0.2444657897785479,-1.3353344531997386
Gorontalo,2018,2836.0,False,1144756.0,101.6,True,247.7,3.1225,Sulawesi,Sulawesi Bagian Utara,4,14,1.031586177657556,-0.6195963043873576,-0.2440144198023923,-1.3353344531997386
Gorontalo,2019,2367.0,False,1158150.0,102.8,True,204.4,3.1225,Sulawesi,Sulawesi Bagian Utara,4,14,0.5289202843934622,-0.6183827507921755,-0.2435630498262367,-1.3353344531997386
Gorontalo,2020,2518.0,False,1171700.0,104.0,False,214.9,3.1225,Sulawesi,Sulawesi Bagian Utara,4,14,0.6508138612819838,-0.6171550629308408,-0.2431116798500811,-1.3353344531997386
Gorontalo,2021,2445.0,False,1181000.0,105.0,False,207.0,3.1225,Sulawesi,Sulawesi Bagian Utara,4,14,0.559103455813477,-0.6163124432178952,-0.2427355382032847,-1.3353344531997386
Jambi,2015,10564.0,False,3347722.0,67.0,True,315.6,4.24,Sumatera,Sumatera Bagian Tengah,5,16,1.8198313082033304,-0.4199981776616708,-0.2570289207815459,0.0385332008114859
Jambi,2016,5904.0,False,3386890.0,67.8,True,174.3,4.24,Sumatera,Sumatera Bagian Tengah,5,16,0.1794920306463667,-0.4164493896061168,-0.2567280074641088,0.0385332008114859
Jambi,2017,9531.0,False,3426517.0,68.6,True,278.2,4.24,Sumatera,Sumatera Bagian Tengah,5,16,1.3856579962385,-0.4128590141905367,-0.2564270941466717,0.0385332008114859
Jambi,2018,6313.0,False,3466607.0,69.4,True,182.1,4.24,Sumatera,Sumatera Bagian Tengah,5,16,0.2700415449064112,-0.4092266889978497,-0.2561261808292347,0.0385332008114859
Jambi,2019,6848.0,False,3507166.0,70.2,True,195.3,4.24,Sumatera,Sumatera Bagian Tengah,5,16,0.4232791844234101,-0.4055518704024347,-0.2558252675117976,0.0385332008114859
Jambi,2020,4709.0,False,3548200.0,71.0,False,132.7,4.24,Sumatera,Sumatera Bagian Tengah,5,16,-0.3034387120738718,-0.4018340147786703,-0.2555243541943605,0.0385332008114859
Jambi,2021,3701.0,False,3585100.0,72.0,False,103.2,4.24,Sumatera,Sumatera Bagian Tengah,5,16,-0.6459016185701945,-0.3984907172079507,-0.2551482125475642,0.0385332008114859
Jawa Barat,2015,27805.0,False,45546639.0,1287.9,True,61.0,5.3525,Jawa,Jawa Bagian Barat,1,1,-1.1357977085412054,3.403403900742052,0.2022024157921138,1.4062537959680732
Jawa Barat,2016,29351.0,False,46079535.0,1302.9,True,63.7,5.3525,Jawa,Jawa Bagian Barat,1,1,-1.1044536459127283,3.4516865539194552,0.207844540494059,1.4062537959680732
Jawa Barat,2017,25183.0,False,46618665.0,1318.2,True,54.0,5.3525,Jawa,Jawa Bagian Barat,1,1,-1.2170600931335531,3.5005340341173428,0.2135995076900431,1.4062537959680732
Jawa Barat,2018,16209.0,False,47164104.0,1333.6,True,34.4,5.3525,Jawa,Jawa Bagian Barat,1,1,-1.444594769992127,3.54995313665598,0.2193920890507068,1.4062537959680732
Jawa Barat,2019,13145.0,False,47715924.0,1349.2,True,27.5,5.3525,Jawa,Jawa Bagian Barat,1,1,-1.5246962633760128,3.5999503850428223,0.2252598987407299,1.4062537959680732
Jawa Barat,2020,11256.0,False,48274200.0,1365.0,False,23.3,5.3525,Jawa,Jawa Bagian Barat,1,1,-1.5734536941314212,3.650532574598136,0.2312029367601121,1.4062537959680732
Jawa Barat,2021,7502.0,False,48782400.0,1379.0,False,15.4,5.3525,Jawa,Jawa Bagian Barat,1,1,-1.6651640995999282,3.696577664718452,0.236468919815261,1.4062537959680732
Jawa Tengah,2015,15958.0,False,34452794.0,1050.1,True,46.3,5.3525,Jawa,Jawa Bagian Tengah,1,2,-1.306448716185136,2.398254170703038,0.1127559321839425,1.4062537959680732
Jawa Tengah,2016,14353.0,False,34855892.0,1062.4,True,41.2,5.3525,Jawa,Jawa Bagian Tengah,1,2,-1.3656541678167036,2.4347765708158278,0.1173824744395376,1.4062537959680732
Jawa Tengah,2017,12033.0,False,35263706.0,1074.8,True,34.1,5.3525,Jawa,Jawa Bagian Tengah,1,2,-1.4480774436175134,2.471726260666923,0.1220466308598123,1.4062537959680732
Jawa Tengah,2018,9127.0,False,35676291.0,1087.4,True,25.6,5.3525,Jawa,Jawa Bagian Tengah,1,2,-1.5467531963367929,2.5091082234911872,0.1267860156094463,1.4062537959680732
Jawa Tengah,2019,10317.0,False,36093704.0,1100.1,True,28.6,5.3525,Jawa,Jawa Bagian Tengah,1,2,-1.5119264600829296,2.5469276237320213,0.1315630145237598,1.4062537959680732
Jawa Tengah,2020,10712.0,False,36516000.0,1113.0,False,29.3,5.3525,Jawa,Jawa Bagian Tengah,1,2,-1.5038002216236943,2.5851894446242865,0.1364152417674327,1.4062537959680732
Jawa Tengah,2021,8909.0,False,36742500.0,1120.0,False,24.2,5.3525,Jawa,Jawa Bagian Tengah,1,2,-1.5630056732552626,2.605711311826671,0.1390482332950072,1.4062537959680732
Jawa Timur,2015,27394.0,False,38368030.0,802.9,True,71.4,5.3525,Jawa,Jawa Bagian Timur,1,3,-1.843941345703093,2.752991271179837,0.0197737170958856,1.4062537959680732
Jawa Timur,2016,5437.0,False,38816936.0,812.3,True,14.0,5.3525,Jawa,Jawa Bagian Timur,1,3,-1.6814165765183977,2.793664071702369,0.0233094485757713,1.4062537959680732
Jawa Timur,2017,28902.0,False,39271094.0,821.8,True,73.6,5.3525,Jawa,Jawa Bagian Timur,1,3,-0.9895254162749796,2.83481272585204,0.0268827942203365,1.4062537959680732
Jawa Timur,2018,26295.0,False,39730566.0,831.4,True,66.2,5.3525,Jawa,Jawa Bagian Timur,1,3,-1.0754313657011756,2.876442851093603,0.0304937540295815,1.4062537959680732
Jawa Timur,2019,26985.0,False,40195414.0,841.2,True,67.1,5.3525,Jawa,Jawa Bagian Timur,1,3,-1.0649833448250168,2.9185600648918104,0.0341799421681857,1.4062537959680732
Jawa Timur,2020,17642.0,False,40665700.0,851.0,False,43.4,5.3525,Jawa,Jawa Bagian Timur,1,3,-1.340114561230537,2.9611699847114155,0.0378661303067899,1.4062537959680732
Jawa Timur,2021,19257.0,False,40878800.0,855.0,False,47.1,5.3525,Jawa,Jawa Bagian Timur,1,3,-1.297161586517439,2.9804777546929966,0.0393706968939753,1.4062537959680732
Kalimantan Barat,2015,6669.0,False,5108479.0,34.9,True,130.5,4.045,Kalimantan,Kalimantan Bagian Barat,2,4,-0.3289783186600381,-0.2604660746609255,-0.2691030676437086,-0.201202094519332
Kalimantan Barat,2016,7311.0,False,5168248.0,35.3,True,141.5,4.045,Kalimantan,Kalimantan Bagian Barat,2,4,-0.2012802857292059,-0.2550507480347916,-0.2689526109849901,-0.201202094519332
Kalimantan Barat,2017,6020.0,False,5228716.0,35.7,True,115.1,4.045,Kalimantan,Kalimantan Bagian Barat,2,4,-0.5077555647632034,-0.2495720890237815,-0.2688021543262716,-0.201202094519332
Kalimantan Barat,2018,5814.0,False,5289892.0,36.1,True,109.9,4.045,Kalimantan,Kalimantan Bagian Barat,2,4,-0.568121907603233,-0.2440292821894634,-0.268651697667553,-0.201202094519332
Kalimantan Barat,2019,4721.0,False,5351784.0,36.6,True,88.2,4.045,Kalimantan,Kalimantan Bagian Barat,2,4,-0.8200352998395112,-0.2384216026976754,-0.2684636268441548,-0.201202094519332
Kalimantan Barat,2020,3858.0,False,5414400.0,37.0,False,71.3,4.045,Kalimantan,Kalimantan Bagian Barat,2,4,-1.0162259140696082,-0.2327483257142559,-0.2683131701854363,-0.201202094519332
Kalimantan Barat,2021,4048.0,False,5470800.0,37.0,False,74.0,4.045,Kalimantan,Kalimantan Bagian Barat,2,4,-0.984881851441131,-0.2276382448744569,-0.2683131701854363,-0.201202094519332
Kalimantan Selatan,2015,6809.0,False,3843436.0,99.1,True,177.2,4.045,Kalimantan,Kalimantan Bagian Selatan,2,5,0.2131578756917677,-0.3750843724591861,-0.2449547739193832,-0.201202094519332
Kalimantan Selatan,2016,3712.0,False,3888404.0,100.2,True,95.5,4.045,Kalimantan,Kalimantan Bagian Selatan,2,5,-0.7352902416217771,-0.3710100796364186,-0.2445410181079072,-0.201202094519332
Kalimantan Selatan,2017,6578.0,False,3933898.0,101.4,True,167.2,4.045,Kalimantan,Kalimantan Bagian Selatan,2,5,0.0970687548455565,-0.3668881289675211,-0.2440896481317516,-0.201202094519332
Kalimantan Selatan,2018,2667.0,False,3979925.0,102.6,True,67.0,4.045,Kalimantan,Kalimantan Bagian Selatan,2,5,-1.0661442360334787,-0.3627178862226022,-0.2436382781555959,-0.201202094519332
Kalimantan Selatan,2019,5375.0,False,4026490.0,103.8,True,133.5,4.045,Kalimantan,Kalimantan Bagian Selatan,2,5,-0.2941515824061748,-0.3584988983803107,-0.2431869081794404,-0.201202094519332
Kalimantan Selatan,2020,5206.0,False,4073600.0,105.0,False,127.8,4.045,Kalimantan,Kalimantan Bagian Selatan,2,5,-0.3603223812885152,-0.3542305312107551,-0.2427355382032847,-0.201202094519332
Kalimantan Selatan,2021,4973.0,False,4122600.0,106.0,False,120.6,4.045,Kalimantan,Kalimantan Bagian Selatan,2,5,-0.4439065482977872,-0.3497909219705042,-0.2423593965564884,-0.201202094519332
Kalimantan Tengah,2015,2681.0,False,2519141.0,16.0,True,106.4,4.045,Kalimantan,Kalimantan Bagian Tengah,2,6,-0.6087530998994068,-0.4950711544758823,-0.2762121447681596,-0.201202094519332
Kalimantan Tengah,2016,7211.0,False,2548615.0,16.2,True,282.9,4.045,Kalimantan,Kalimantan Bagian Tengah,2,6,1.4402198830362192,-0.4924006842157363,-0.2761369164388003,-0.201202094519332
Kalimantan Tengah,2017,2699.0,False,2578434.0,16.4,True,104.7,4.045,Kalimantan,Kalimantan Bagian Tengah,2,6,-0.6284882504432628,-0.4896989554823681,-0.2760616881094411,-0.201202094519332
Kalimantan Tengah,2018,5699.0,False,2608602.0,16.6,True,218.5,4.045,Kalimantan,Kalimantan Bagian Tengah,2,6,0.6926059447866197,-0.4869656058586968,-0.2759864597800818,-0.201202094519332
Kalimantan Tengah,2019,2444.0,False,2639122.0,16.8,True,92.6,4.045,Kalimantan,Kalimantan Bagian Tengah,2,6,-0.7689560866671784,-0.484200363531912,-0.2759112314507225,-0.201202094519332
Kalimantan Tengah,2020,2629.0,False,2670000.0,17.0,False,98.5,4.045,Kalimantan,Kalimantan Bagian Tengah,2,6,-0.7004635053679138,-0.4814026848763922,-0.2758360031213632,-0.201202094519332
Kalimantan Tengah,2021,2399.0,False,2702200.0,18.0,False,88.8,4.045,Kalimantan,Kalimantan Bagian Tengah,2,6,-0.8130699525887386,-0.4784852273756559,-0.2754598614745669,-0.201202094519332
Kalimantan Timur,2015,8764.0,False,3553216.0,27.4,True,246.6,4.045,Kalimantan,Kalimantan Bagian Timur,2,7,1.018816374364473,-0.4013795437593009,-0.2719241299946813,-0.201202094519332
Kalimantan Timur,2016,8896.0,False,3594788.0,27.7,True,247.5,4.045,Kalimantan,Kalimantan Bagian Timur,2,7,1.029264395240632,-0.3976129430381639,-0.2718112875006423,-0.201202094519332
Kalimantan Timur,2017,9149.0,False,3636847.0,28.0,True,251.6,4.045,Kalimantan,Kalimantan Bagian Timur,2,7,1.0768609347875786,-0.3938022180374351,-0.2716984450066034,-0.201202094519332
Kalimantan Timur,2018,6287.0,False,3679398.0,28.3,True,170.9,4.045,Kalimantan,Kalimantan Bagian Timur,2,7,0.1400217295586548,-0.3899469157357633,-0.2715856025125646,-0.201202094519332
Kalimantan Timur,2019,4417.0,False,3722447.0,28.7,True,118.7,4.045,Kalimantan,Kalimantan Bagian Timur,2,7,-0.4659634812585672,-0.3860464925075273,-0.271435145853846,-0.201202094519332
Kalimantan Timur,2020,3609.0,False,3766000.0,29.0,False,95.8,4.045,Kalimantan,Kalimantan Bagian Timur,2,7,-0.7318075679963908,-0.3821004047271059,-0.2713223033598071,-0.201202094519332
Kalimantan Timur,2021,4564.0,False,3808200.0,30.0,False,119.8,4.045,Kalimantan,Kalimantan Bagian Timur,2,7,-0.4531936779654841,-0.3782769045242775,-0.2709461617130108,-0.201202094519332
Kalimantan Utara,2019,876.0,False,693684.0,8.9,True,126.3,4.045,Kalimantan,Kalimantan Bagian Timur,2,7,-0.3777357494154468,-0.6604653537591632,-0.2788827504604136,-0.201202094519332
Kalimantan Utara,2020,1015.0,False,701800.0,9.0,False,144.6,4.045,Kalimantan,Kalimantan Bagian Timur,2,7,-0.1652926582668805,-0.6597300095021452,-0.278845136295734,-0.201202094519332
Kalimantan Utara,2021,971.0,False,713600.0,9.0,False,136.1,4.045,Kalimantan,Kalimantan Bagian Timur,2,7,-0.26396841098616,-0.6586608791136767,-0.278845136295734,-0.201202094519332
Kepulauan Bangka Belitung,2015,1875.0,False,1373451.0,84.0,True,136.5,4.24,Sumatera,Sumatera Bagian Selatan,5,15,-0.2593248461523115,-0.598875560811864,-0.250634512786008,0.0385332008114859
Kepulauan Bangka Belitung,2016,2094.0,False,1389520.0,85.0,True,150.7,4.24,Sumatera,Sumatera Bagian Selatan,5,15,-0.0944782945506918,-0.5974196407938722,-0.2502583711392117,0.0385332008114859
Kepulauan Bangka Belitung,2017,1931.0,False,1405778.0,85.9,True,137.4,4.24,Sumatera,Sumatera Bagian Selatan,5,15,-0.2488768252761524,-0.595946596568811,-0.249919843657095,0.0385332008114859
Kepulauan Bangka Belitung,2018,2048.0,False,1422225.0,87.0,True,144.0,4.24,Sumatera,Sumatera Bagian Selatan,5,15,-0.1722580055176531,-0.5944564281366803,-0.249506087845619,0.0385332008114859
Kepulauan Bangka Belitung,2019,1953.0,False,1438865.0,88.0,True,135.7,4.24,Sumatera,Sumatera Bagian Selatan,5,15,-0.2686119758200085,-0.5929487730803992,-0.2491299461988226,0.0385332008114859
Kepulauan Bangka Belitung,2020,1931.0,False,1455700.0,89.0,False,132.7,4.24,Sumatera,Sumatera Bagian Selatan,5,15,-0.3034387120738718,-0.5914234501914272,-0.2487538045520263,0.0385332008114859
Kepulauan Bangka Belitung,2021,1566.0,False,1473200.0,90.0,False,106.3,4.24,Sumatera,Sumatera Bagian Selatan,5,15,-0.6099139911078691,-0.5898378754627662,-0.2483776629052299,0.0385332008114859
Kepulauan Riau,2015,4892.0,False,1947947.0,237.8,True,251.1,4.24,Sumatera,Sumatera Bagian Tengah,5,16,1.071056478745268,-0.5468237699937577,-0.1927839275087299,0.0385332008114859
Kepulauan Riau,2016,4885.0,False,1970738.0,240.5,True,247.9,4.24,Sumatera,Sumatera Bagian Tengah,5,16,1.0339079600744805,-0.5447588080714199,-0.1917683450623797,0.0385332008114859
Kepulauan Riau,2017,3673.0,False,1993796.0,243.4,True,184.2,4.24,Sumatera,Sumatera Bagian Tengah,5,16,0.2944202602841155,-0.542669654808936,-0.1906775342866703,0.0385332008114859
Kepulauan Riau,2018,3409.0,False,2017123.0,246.2,True,169.0,4.24,Sumatera,Sumatera Bagian Tengah,5,16,0.1179647965978746,-0.540556128997766,-0.1896243376756406,0.0385332008114859
Kepulauan Riau,2019,3159.0,False,2040724.0,249.1,True,154.8,4.24,Sumatera,Sumatera Bagian Tengah,5,16,-0.0468817550037449,-0.5384177776165585,-0.1885335268999311,0.0385332008114859
Kepulauan Riau,2020,2843.0,False,2064600.0,252.0,False,137.7,4.24,Sumatera,Sumatera Bagian Tengah,5,16,-0.2453941516507662,-0.5362545100610436,-0.1874427161242217,0.0385332008114859
Kepulauan Riau,2021,2481.0,False,2118200.0,258.0,False,117.1,4.24,Sumatera,Sumatera Bagian Tengah,5,16,-0.4845377405939611,-0.5313981211778304,-0.1851858662434437,0.0385332008114859
Lampung,2015,9218.0,False,8498846.0,245.3,True,108.5,4.24,Sumatera,Sumatera Bagian Selatan,5,15,-0.5843743845217027,0.0467156531154388,-0.1899628651577573,0.0385332008114859
Lampung,2016,10485.0,False,8598283.0,248.2,True,121.9,4.24,Sumatera,Sumatera Bagian Selatan,5,15,-0.4288149625877796,0.0557250699322313,-0.1888720543820479,0.0385332008114859
Lampung,2017,11089.0,False,8698883.0,251.1,True,127.5,4.24,Sumatera,Sumatera Bagian Selatan,5,15,-0.3638050549139014,0.0648398595152771,-0.1877812436063385,0.0385332008114859
Lampung,2018,8963.0,False,8800660.0,254.0,True,101.8,4.24,Sumatera,Sumatera Bagian Selatan,5,15,-0.6621540954886641,0.0740612903243592,-0.186690432830629,0.0385332008114859
Lampung,2019,8534.0,False,8903628.0,257.0,True,95.8,4.24,Sumatera,Sumatera Bagian Selatan,5,15,-0.7318075679963908,0.0833906308192604,-0.18556200789024,0.0385332008114859
Lampung,2020,7594.0,False,9007800.0,260.0,False,84.3,4.24,Sumatera,Sumatera Bagian Selatan,5,15,-0.8653100569695336,0.0928290588554934,-0.184433582949851,0.0385332008114859
Lampung,2021,9764.0,False,9081800.0,262.0,False,107.5,4.24,Sumatera,Sumatera Bagian Selatan,5,15,-0.5959832966063238,0.0995337748509745,-0.1836812996562583,0.0385332008114859
Maluku,2015,1873.0,False,1744435.0,36.8,True,107.4,5.065,Maluku Papua,Maluku,3,8,-0.5971441878147857,-0.5652628262325731,-0.2683883985147956,1.0527979118264836
Maluku,2016,2559.0,False,1764844.0,37.2,True,145.0,5.065,Maluku Papua,Maluku,3,8,-0.160649093433032,-0.5634136836818734,-0.268237941856077,1.0527979118264836
Maluku,2017,3086.0,False,1785493.0,37.7,True,172.8,5.065,Maluku Papua,Maluku,3,8,0.162078662519435,-0.5615427961063236,-0.2680498710326788,1.0527979118264836
Maluku,2018,2751.0,False,1806383.0,38.1,True,152.3,5.065,Maluku Papua,Maluku,3,8,-0.0759040352152977,-0.5596500729016534,-0.2678994143739603,1.0527979118264836
Maluku,2019,3495.0,False,1827518.0,38.5,True,191.2,5.065,Maluku Papua,Maluku,3,8,0.3756826448764632,-0.5577351516507818,-0.2677489577152418,1.0527979118264836
Maluku,2020,5350.0,False,1848900.0,39.0,False,289.4,5.065,Maluku Papua,Maluku,3,8,1.5156778115862564,-0.5557978511451687,-0.2675608868918436,1.0527979118264836
Maluku,2021,3139.0,False,1862600.0,40.0,False,168.5,5.065,Maluku Papua,Maluku,3,8,0.1121603405555641,-0.5545565726433026,-0.2671847452450473,1.0527979118264836
Maluku Utara,2015,814.0,False,1744435.0,36.8,,107.4,5.065,Maluku Papua,Maluku,3,8,-0.5971441878147857,-0.5652628262325731,-0.2683883985147956,1.0527979118264836
Maluku Utara,2016,1096.0,False,1764844.0,37.2,,145.0,5.065,Maluku Papua,Maluku,3,8,-0.160649093433032,-0.5634136836818734,-0.268237941856077,1.0527979118264836
Maluku Utara,2017,789.0,False,1785493.0,37.7,,172.8,5.065,Maluku Papua,Maluku,3,8,0.162078662519435,-0.5615427961063236,-0.2680498710326788,1.0527979118264836
Maluku Utara,2020,850.0,False,1848900.0,39.0,,289.4,5.065,Maluku Papua,Maluku,3,8,1.5156778115862564,-0.5557978511451687,-0.2675608868918436,1.0527979118264836
Maluku Utara,2021,1008.0,False,1299200.0,41.0,False,77.6,5.065,Maluku Papua,Maluku,3,8,-0.9430897679364952,-0.6056030184791674,-0.2668086035982509,1.0527979118264836
Nusa Tenggara Barat,2015,6015.0,False,5019507.0,269.8,True,119.8,3.015,Bali Nusra,Nusa Tenggara,0,9,-0.4531936779654841,-0.2685273177899787,-0.1807473948112468,-1.4674962185744205
Nusa Tenggara Barat,2016,7779.0,False,5078235.0,273.0,True,153.2,3.015,Bali Nusra,Nusa Tenggara,0,9,-0.065456014339139,-0.2632063102091326,-0.1795437415414985,-1.4674962185744205
Nusa Tenggara Barat,2017,8132.0,False,5137650.0,276.2,True,158.3,3.015,Bali Nusra,Nusa Tenggara,0,9,-0.006250562707571,-0.2578230574946528,-0.1783400882717501,-1.4674962185744205
Nusa Tenggara Barat,2018,6451.0,False,5197761.0,279.4,True,124.1,3.015,Bali Nusra,Nusa Tenggara,0,9,-0.4032753560016133,-0.2523767442081074,-0.1771364350020018,-1.4674962185744205
Nusa Tenggara Barat,2019,8185.0,False,5258575.0,282.7,True,155.7,3.015,Bali Nusra,Nusa Tenggara,0,9,-0.0364337341275862,-0.246866736119605,-0.1758951675675739,-1.4674962185744205
Nusa Tenggara Barat,2020,8591.0,False,5320100.0,286.0,False,161.5,3.015,Bali Nusra,Nusa Tenggara,0,9,0.0308979559632163,-0.2412923083949838,-0.174653900133146,-1.4674962185744205
Nusa Tenggara Barat,2021,6296.0,False,5390000.0,290.0,False,116.8,3.015,Bali Nusra,Nusa Tenggara,0,9,-0.4880204142193474,-0.2349590699073605,-0.1731493335459606,-1.4674962185744205
Nusa Tenggara Timur,2015,6709.0,False,5024696.0,102.8,True,133.5,3.015,Bali Nusra,Nusa Tenggara,0,9,-0.2941515824061748,-0.2680571722318631,-0.2435630498262367,-1.4674962185744205
Nusa Tenggara Timur,2016,8713.0,False,5083485.0,104.0,True,171.4,3.015,Bali Nusra,Nusa Tenggara,0,9,0.1458261856009654,-0.2627306377905343,-0.2431116798500811,-1.4674962185744205
Nusa Tenggara Timur,2017,6729.0,False,5142962.0,105.3,True,130.8,3.015,Bali Nusra,Nusa Tenggara,0,9,-0.3254956450346516,-0.2573417676113015,-0.2426226957092458,-1.4674962185744205
Nusa Tenggara Timur,2018,6257.0,False,5203134.0,106.5,True,120.3,3.015,Bali Nusra,Nusa Tenggara,0,9,-0.4473892219231735,-0.2518899274642734,-0.2421713257330902,-1.4674962185744205
Nusa Tenggara Timur,2019,5865.0,False,5264011.0,107.7,True,111.4,3.015,Bali Nusra,Nusa Tenggara,0,9,-0.5507085394763014,-0.2463742113067477,-0.2417199557569346,-1.4674962185744205
Nusa Tenggara Timur,2020,4790.0,False,5325600.0,109.0,False,89.9,3.015,Bali Nusra,Nusa Tenggara,0,9,-0.8003001492956553,-0.2407939849088332,-0.2412309716160993,-1.4674962185744205
Nusa Tenggara Timur,2021,4909.0,False,5387700.0,111.0,False,91.1,3.015,Bali Nusra,Nusa Tenggara,0,9,-0.78636945479411,-0.2351674597288416,-0.2404786883225066,-1.4674962185744205
Papua,2015,7194.0,False,1744435.0,36.8,,107.4,5.065,Maluku Papua,Papua,3,10,-0.5971441878147857,-0.5652628262325731,-0.2683883985147956,1.0527979118264836
Papua,2016,8103.0,False,1764844.0,37.2,,145.0,5.065,Maluku Papua,Papua,3,10,-0.160649093433032,-0.5634136836818734,-0.268237941856077,1.0527979118264836
Papua,2017,6785.0,False,1785493.0,37.7,,172.8,5.065,Maluku Papua,Papua,3,10,0.162078662519435,-0.5615427961063236,-0.2680498710326788,1.0527979118264836
Papua,2018,7311.0,False,1806383.0,38.1,,152.3,5.065,Maluku Papua,Papua,3,10,-0.0759040352152977,-0.5596500729016534,-0.2678994143739603,1.0527979118264836
Papua,2019,6994.0,False,1827518.0,38.5,,191.2,5.065,Maluku Papua,Papua,3,10,0.3756826448764632,-0.5577351516507818,-0.2677489577152418,1.0527979118264836
Papua,2020,6962.0,False,1848900.0,39.0,,289.4,5.065,Maluku Papua,Papua,3,10,1.5156778115862564,-0.5557978511451687,-0.2675608868918436,1.0527979118264836
Papua,2021,6236.0,False,1580900.0,40.5,,123.05,5.065,Maluku Papua,Papua,3,10,-0.4154647136904654,-0.580079795561235,-0.2669966744216491,1.0527979118264836
Papua Barat,2015,1356.0,False,1744435.0,36.8,,107.4,5.065,Maluku Papua,Papua,3,10,-0.5971441878147857,-0.5652628262325731,-0.2683883985147956,1.0527979118264836
Papua Barat,2016,3123.0,False,1764844.0,37.2,,145.0,5.065,Maluku Papua,Papua,3,10,-0.160649093433032,-0.5634136836818734,-0.268237941856077,1.0527979118264836
Papua Barat,2017,2284.0,False,1785493.0,37.7,,172.8,5.065,Maluku Papua,Papua,3,10,0.162078662519435,-0.5615427961063236,-0.2680498710326788,1.0527979118264836
Papua Barat,2018,3475.0,False,1806383.0,38.1,,152.3,5.065,Maluku Papua,Papua,3,10,-0.0759040352152977,-0.5596500729016534,-0.2678994143739603,1.0527979118264836
Papua Barat,2019,2972.0,False,1827518.0,38.5,,191.2,5.065,Maluku Papua,Papua,3,10,0.3756826448764632,-0.5577351516507818,-0.2677489577152418,1.0527979118264836
Papua Barat,2020,3162.0,False,1848900.0,39.0,,289.4,5.065,Maluku Papua,Papua,3,10,1.5156778115862564,-0.5557978511451687,-0.2675608868918436,1.0527979118264836
Papua Barat,2021,2784.0,False,1580900.0,40.5,,123.05,5.065,Maluku Papua,Papua,3,10,-0.4154647136904654,-0.580079795561235,-0.2669966744216491,1.0527979118264836
Riau,2015,9595.0,False,6032824.0,68.9,True,159.0,4.24,Sumatera,Sumatera Bagian Tengah,5,16,0.0018756757516635,-0.1767164705143999,-0.2563142516526329,0.0385332008114859
Riau,2016,8520.0,False,6103408.0,69.7,True,139.6,4.24,Sumatera,Sumatera Bagian Tengah,5,16,-0.223337218689986,-0.1703212587059535,-0.2560133383351958,0.0385332008114859
Riau,2017,6869.0,False,6174818.0,70.5,True,111.2,4.24,Sumatera,Sumatera Bagian Tengah,5,16,-0.5530303218932255,-0.1638512077703143,-0.2557124250177587,0.0385332008114859
Riau,2018,7246.0,False,6247064.0,71.3,True,116.0,4.24,Sumatera,Sumatera Bagian Tengah,5,16,-0.4973075438870443,-0.1573054116647803,-0.2554115117003216,0.0385332008114859
Riau,2019,6570.0,False,6320154.0,72.2,True,104.0,4.24,Sumatera,Sumatera Bagian Tengah,5,16,-0.6366144889024976,-0.1506831455551896,-0.2550729842182049,0.0385332008114859
Riau,2020,8194.0,False,6394100.0,73.0,False,128.1,4.24,Sumatera,Sumatera Bagian Tengah,5,16,-0.3568397076631289,-0.1439833221902999,-0.2547720709007678,0.0385332008114859
Riau,2021,7512.0,False,6493600.0,75.0,False,115.7,4.24,Sumatera,Sumatera Bagian Tengah,5,16,-0.5007902175124306,-0.1349681973044842,-0.2540197876071751,0.0385332008114859
Sulawesi Barat,2018,1817.0,False,1386565.0,83.0,True,131.0,3.1225,Sulawesi,Sulawesi Bagian Barat,4,11,-0.3231738626177275,-0.5976873764123405,-0.2510106544328044,-1.3353344531997386
Sulawesi Barat,2019,1863.0,False,1402787.0,84.0,True,132.8,3.1225,Sulawesi,Sulawesi Bagian Barat,4,11,-0.3022778208654094,-0.5962175939410068,-0.250634512786008,-1.3353344531997386
Sulawesi Barat,2020,1704.0,False,1419200.0,85.0,False,120.1,3.1225,Sulawesi,Sulawesi Bagian Barat,4,11,-0.4497110043400978,-0.5947305060540631,-0.2502583711392117,-1.3353344531997386
Sulawesi Barat,2021,1500.0,False,1436800.0,86.0,False,104.4,3.1225,Sulawesi,Sulawesi Bagian Barat,4,11,-0.6319709240686491,-0.5931358708983812,-0.2498822294924153,-1.3353344531997386
Sulawesi Selatan,2015,16088.0,False,8560834.0,183.0,True,187.9,3.1225,Sulawesi,Sulawesi Bagian Selatan,4,12,0.3373732349972138,0.0523320306171669,-0.2133964897531697,-1.3353344531997386
Sulawesi Selatan,2016,15071.0,False,8660996.0,185.2,True,174.0,3.1225,Sulawesi,Sulawesi Bagian Selatan,4,12,0.1760093570209802,0.0614071355298611,-0.2125689781302177,-1.3353344531997386
Sulawesi Selatan,2017,21616.0,False,8762330.0,187.3,True,246.7,3.1225,Sulawesi,Sulawesi Bagian Selatan,4,12,1.019977265572935,0.0705884286472404,-0.2117790806719454,-1.3353344531997386
Sulawesi Selatan,2018,21498.0,False,8864849.0,189.5,True,242.5,3.1225,Sulawesi,Sulawesi Bagian Selatan,4,12,0.9712198348175264,0.0798770878248177,-0.2109515690489934,-1.3353344531997386
Sulawesi Selatan,2019,16008.0,False,8968568.0,191.8,True,178.5,3.1225,Sulawesi,Sulawesi Bagian Selatan,4,12,0.2282494614017752,0.089274472126646,-0.2100864432613618,-1.3353344531997386
Sulawesi Selatan,2020,12815.0,False,9073500.0,194.0,False,141.2,3.1225,Sulawesi,Sulawesi Bagian Selatan,4,12,-0.2047629593545923,0.0987817594082381,-0.2092589316384099,-1.3353344531997386
Sulawesi Selatan,2021,14636.0,False,9139500.0,196.0,False,160.1,3.1225,Sulawesi,Sulawesi Bagian Selatan,4,12,0.0146454790447467,0.1047616412420455,-0.2085066483448172,-1.3353344531997386
Sulawesi Tengah,2015,8988.0,False,2817004.0,45.3,True,319.1,3.1225,Sulawesi,Sulawesi Bagian Tengah,4,13,1.860462500499504,-0.4680834947385586,-0.2651911945170266,-1.3353344531997386
Sulawesi Tengah,2016,9602.0,False,2849963.0,45.8,True,336.9,3.1225,Sulawesi,Sulawesi Bagian Tengah,4,13,2.067101135605759,-0.4650972685967334,-0.2650031236936285,-1.3353344531997386
Sulawesi Tengah,2017,10240.0,False,2883307.0,46.4,True,355.1,3.1225,Sulawesi,Sulawesi Bagian Tengah,4,13,2.2783833355458643,-0.4620761598108778,-0.2647774387055507,-1.3353344531997386
Sulawesi Tengah,2018,9379.0,False,2917042.0,46.9,True,321.5,3.1225,Sulawesi,Sulawesi Bagian Tengah,4,13,1.8883238895025944,-0.4590196247553703,-0.2645893678821525,-1.3353344531997386
Sulawesi Tengah,2019,6265.0,False,2951171.0,47.4,True,212.3,3.1225,Sulawesi,Sulawesi Bagian Tengah,4,13,0.620630689861969,-0.4559273916174004,-0.2644012970587543,-1.3353344531997386
Sulawesi Tengah,2020,5454.0,False,2985700.0,48.0,False,182.7,3.1225,Sulawesi,Sulawesi Bagian Tengah,4,13,0.2770068921571838,-0.4527989167713468,-0.2641756120706765,-1.3353344531997386
Sulawesi Tengah,2021,5139.0,False,3021900.0,49.0,False,170.1,3.1225,Sulawesi,Sulawesi Bagian Tengah,4,13,0.1307345998909578,-0.4495190421897737,-0.2637994704238802,-1.3353344531997386
Sulawesi Tenggara,2015,3655.0,False,2476589.0,65.1,True,147.6,3.1225,Sulawesi,Sulawesi Bagian Selatan,4,12,-0.1304659220130171,-0.4989265473818243,-0.257743589910459,-1.3353344531997386
Sulawesi Tenggara,2016,3756.0,False,2505566.0,65.9,True,149.9,3.1225,Sulawesi,Sulawesi Bagian Selatan,4,12,-0.1037654242183885,-0.4963011074439722,-0.2574426765930219,-1.3353344531997386
Sulawesi Tenggara,2017,2866.0,False,2534881.0,66.6,True,113.1,3.1225,Sulawesi,Sulawesi Bagian Selatan,4,12,-0.5309733889324456,-0.4936450432627895,-0.2571793774402645,-1.3353344531997386
Sulawesi Tenggara,2018,1263.0,False,2564539.0,67.4,True,49.2,3.1225,Sulawesi,Sulawesi Bagian Selatan,4,12,-1.2727828711397349,-0.4909579018169249,-0.2568784641228274,-1.3353344531997386
Sulawesi Tenggara,2019,1213.0,False,2594544.0,68.2,True,46.8,3.1225,Sulawesi,Sulawesi Bagian Selatan,4,12,-1.3006442601428254,-0.4882393206892978,-0.2565775508053903,-1.3353344531997386
Sulawesi Tenggara,2020,2148.0,False,2624900.0,69.0,False,81.8,3.1225,Sulawesi,Sulawesi Bagian Selatan,4,12,-0.8943323371810864,-0.4854889374628273,-0.2562766374879532,-1.3353344531997386
Sulawesi Tenggara,2021,2431.0,False,2659200.0,70.0,False,91.4,3.1225,Sulawesi,Sulawesi Bagian Selatan,4,12,-0.7828867811687236,-0.4823812109946516,-0.2559004958411568,-1.3353344531997386
Sulawesi Utara,2015,7837.0,False,2473759.0,178.3,True,316.8,3.1225,Sulawesi,Sulawesi Bagian Utara,4,14,1.8337620027048755,-0.4991829574665164,-0.2151643554931125,-1.3353344531997386
Sulawesi Utara,2016,9923.0,False,2502702.0,180.4,True,396.5,3.1225,Sulawesi,Sulawesi Bagian Utara,4,14,2.7589922958491777,-0.4965605980738514,-0.2143744580348402,-1.3353344531997386
Sulawesi Utara,2017,7981.0,False,2531984.0,182.5,True,315.2,3.1225,Sulawesi,Sulawesi Bagian Utara,4,14,1.8151877433694807,-0.4939075238335855,-0.2135845605765678,-1.3353344531997386
Sulawesi Utara,2018,10247.0,False,2561608.0,184.7,True,400.0,3.1225,Sulawesi,Sulawesi Bagian Utara,4,14,2.799623488145352,-0.4912234629329081,-0.2127570489536159,-1.3353344531997386
Sulawesi Utara,2019,7425.0,False,2591579.0,186.8,True,286.5,3.1225,Sulawesi,Sulawesi Bagian Utara,4,14,1.4820119665408555,-0.4885079623504681,-0.2119671514953436,-1.3353344531997386
Sulawesi Utara,2020,6274.0,False,2621900.0,189.0,False,239.3,3.1225,Sulawesi,Sulawesi Bagian Utara,4,14,0.9340713161467392,-0.4857607502734549,-0.2111396398723916,-1.3353344531997386
Sulawesi Utara,2021,6215.0,False,2638600.0,190.0,False,235.5,3.1225,Sulawesi,Sulawesi Bagian Utara,4,14,0.8899574502251787,-0.4842476589609611,-0.2107634982255952,-1.3353344531997386
Sumatera Barat,2015,16277.0,False,5221793.0,124.5,True,311.7,4.24,Sumatera,Sumatera Bagian Tengah,5,16,1.7745565510733077,-0.2501993423864398,-0.235400776090756,0.0385332008114859
Sumatera Barat,2016,14921.0,False,5282888.0,126.0,True,282.4,4.24,Sumatera,Sumatera Bagian Tengah,5,16,1.434415426993909,-0.2446638744980086,-0.2348365636205614,0.0385332008114859
Sumatera Barat,2017,13205.0,False,5344698.0,127.5,True,247.1,4.24,Sumatera,Sumatera Bagian Tengah,5,16,1.0246208304067836,-0.2390636245563778,-0.2342723511503669,0.0385332008114859
Sumatera Barat,2018,12953.0,False,5407231.0,129.0,True,239.5,4.24,Sumatera,Sumatera Bagian Tengah,5,16,0.9363930985636632,-0.2333978677273857,-0.2337081386801724,0.0385332008114859
Sumatera Barat,2019,11064.0,False,5470495.0,130.5,True,202.2,4.24,Sumatera,Sumatera Bagian Tengah,5,16,0.5033806778072956,-0.2276658791768707,-0.2331439262099779,0.0385332008114859
Sumatera Barat,2020,7992.0,False,5534500.0,132.0,False,144.4,4.24,Sumatera,Sumatera Bagian Tengah,5,16,-0.1676144406838046,-0.2218667528621307,-0.2325797137397834,0.0385332008114859
Sumatera Barat,2021,5666.0,False,5580200.0,133.0,False,101.5,4.24,Sumatera,Sumatera Bagian Tengah,5,16,-0.6656367691140505,-0.2177261377135701,-0.232203572092987,0.0385332008114859
Sumatera Selatan,2015,20575.0,False,7988980.0,86.8,True,257.5,4.24,Sumatera,Sumatera Bagian Selatan,5,15,1.145353516086843,0.0005196162809534,-0.2495813161749782,0.0385332008114859
Sumatera Selatan,2016,9124.0,False,8082451.0,87.8,True,112.9,4.24,Sumatera,Sumatera Bagian Selatan,5,15,-0.5332951713493697,0.0089884880216778,-0.2492051745281819,0.0385332008114859
Sumatera Selatan,2017,15728.0,False,8177016.0,88.8,True,192.3,4.24,Sumatera,Sumatera Bagian Selatan,5,15,0.3884524481695467,0.0175564808340111,-0.2488290328813855,0.0385332008114859
Sumatera Selatan,2018,13558.0,False,8272687.0,89.9,True,163.9,4.24,Sumatera,Sumatera Bagian Selatan,5,15,0.058759344966307,0.0262246819691957,-0.2484152770699096,0.0385332008114859
Sumatera Selatan,2019,12861.0,False,8369477.0,90.9,True,153.7,4.24,Sumatera,Sumatera Bagian Selatan,5,15,-0.0596515582968284,0.0349942692827445,-0.2480391354231132,0.0385332008114859
Sumatera Selatan,2020,12189.0,False,8467400.0,92.0,False,144.0,4.24,Sumatera,Sumatera Bagian Selatan,5,15,-0.1722580055176531,0.0438665112344402,-0.2476253796116372,0.0385332008114859
Sumatera Selatan,2021,13037.0,False,8550900.0,93.0,False,152.5,4.24,Sumatera,Sumatera Bagian Selatan,5,15,-0.0735822527983736,0.0514319677969087,-0.2472492379648409,0.0385332008114859
Sumatera Utara,2015,35248.0,False,13963213.0,191.5,True,252.4,4.24,Sumatera,Sumatera Bagian Utara,5,17,1.0861480644552757,0.5418106373056899,-0.2101992857554007,0.0385332008114859
Sumatera Utara,2016,37102.0,False,14126582.0,193.8,True,262.6,4.24,Sumatera,Sumatera Bagian Utara,5,17,1.2045589677184112,0.5566125663254972,-0.2093341599677692,0.0385332008114859
Sumatera Utara,2017,39867.0,False,14291863.0,196.0,True,278.9,4.24,Sumatera,Sumatera Bagian Utara,5,17,1.3937842346977347,0.5715877307099444,-0.2085066483448172,0.0385332008114859
Sumatera Utara,2018,32922.0,False,14459078.0,198.3,True,227.7,4.24,Sumatera,Sumatera Bagian Utara,5,17,0.7994079359651339,0.5867381237529763,-0.2076415225571856,0.0385332008114859
Sumatera Utara,2019,30831.0,False,14628249.0,200.7,True,210.8,4.24,Sumatera,Sumatera Bagian Utara,5,17,0.6032173217350374,0.6020657387485373,-0.2067387826048743,0.0385332008114859
Sumatera Utara,2020,32990.0,False,14799400.0,203.0,False,222.9,4.24,Sumatera,Sumatera Bagian Utara,5,17,0.7436851579589527,0.6175727501991126,-0.2058736568172427,0.0385332008114859
Sumatera Utara,2021,36534.0,False,14936200.0,205.0,False,244.6,4.24,Sumatera,Sumatera Bagian Utara,5,17,0.9955985501952308,0.6299674143637316,-0.20512137352365,0.0385332008114859
